sku;image_url;title;category;price;inventory_quantity;status
1652;https://maracana.info/1318/cap-new-era-port-city-roasters.jpg;CAP NEW ERA PORT CITY ROASTERS;CAPPELLI;29;12;1
1651;https://maracana.info/1319/cap-new-era-fresno-grizzlies.jpg;CAP NEW ERA FRESNO GRIZZLIES;CAPPELLI;29;12;1
1650;https://maracana.info/1320/cap-new-era-hartford-yard.jpg;CAP NEW ERA HARTFORD YARD;CAPPELLI;29;10;1
1649;https://maracana.info/1315/cap-new-era-delmarva-shore-birds.jpg;CAP NEW ERA DELMARVA SHORE BIRDS;CAPPELLI;29;11;1
1648;https://maracana.info/1314/cap-new-era-wisrat-minor-league.jpg;CAP NEW ERA WISRAT MINOR LEAGUE;CAPPELLI;29;12;1
1647;https://maracana.info/1313/cap-new-era-charleston-alley-cats.jpg;CAP NEW ERA CHARLESTON ALLEY CATS;CAPPELLI;25;12;1
1646;https://maracana.info/1312/cap-new-era-flamingo-miami.jpg;CAP NEW ERA FLAMINGO MIAMI;CAPPELLI;25;12;1
1645;https://maracana.info/1311/cap-new-era-stars-minor-league.jpg;CAP NEW ERA STARS MINOR LEAGUE;CAPPELLI;25;12;1
1644;https://maracana.info/1310/cap-new-era-safsea.jpg;CAP  NEW ERA SAFSEA;CAPPELLI;25;12;1
1641;https://maracana.info/1306/tshirt-new-era-lakers-colour-blocksleeve.jpg;TSHIRT NEW ERA LAKERS COLOUR BLOCKSLEEVE;TSHIRT;39;39;1
1640;https://maracana.info/1305/tshirt-new-era-bulls-colour-block-sleeve.jpg;TSHIRT NEW ERA BULLS COLOUR BLOCK SLEEVE;TSHIRT;39;41;1
1568;https://maracana.info/1105/cap-new-era-duffy.jpg;CAP NEW ERA DUFFY;CAPPELLI;25;5;1
1567;https://maracana.info/1103/cap-new-era-bugs-bunny.jpg;CAP NEW ERA BUGS BUNNY;CAPPELLI;25;9;1
1566;https://maracana.info/1104/cap-new-era-tom-and-jerry.jpg;CAP NEW ERA TOM AND JERRY;CAPPELLI;25;11;1
1561;https://maracana.info/1159/cap-new-era-boston-celtics.jpg;CAP NEW ERA BOSTON CELTICS;CAPPELLI;29;20;1
1560;https://maracana.info/1162/cap-new-era-39-thirty-patriots.jpg;CAP NEW ERA 39 THIRTY PATRIOTS;CAPPELLI;35;12;1
1559;https://maracana.info/1163/cap-new-era-diamond-lakers.jpg;CAP NEW ERA DIAMOND LAKERS;CAPPELLI;29;5;1
1558;https://maracana.info/1164/cap-new-era-diamond-bucks.jpg;CAP NEW ERA DIAMOND BUCKS;CAPPELLI;29;12;1
1557;https://maracana.info/1165/cap-new-era-la.jpg;CAP NEW ERA LA;CAPPELLI;25;9;1
1555;https://maracana.info/1160/cap-new-era-39-thirty-panthers.jpg;CAP NEW ERA 39 THIRTY PANTHERS;CAPPELLI;35;22;1
1554;https://maracana.info/1166/cap-new-era-39-thirty-eagles.jpg;CAP NEW ERA 39 THIRTY EAGLES;CAPPELLI;35;18;1
1530;https://maracana.info/1194/cap-new-era-bucket.jpg;CAP NEW ERA BUCKET;CAPPELLI;35;0;1
1529;https://maracana.info//beanie-new-era-ny.jpg;BEANIE NEW ERA NY;Home;25;0;1
1508;https://maracana.info/980/cap-ny-logo-piccolo.jpg;Cappello New Era 9Forty Yankees Logo Piccolo con Visiera;CAPPELLI;25;0;1
1464;https://maracana.info/562/beanie-new-era-ponpon-jaguar.jpg;BEANIE NEW ERA PONPON JAGUAR;Home;28;0;1
1463;https://maracana.info/930/beanie-new-era-ny.jpg;BEANIE NEW ERA YANKEES;BEANIE;25;0;1
1462;https://maracana.info/563/beanie-pon-pon-patriots-new-era.jpg;BEANIE PON PON  PATRIOTS NEW ERA;Home;28;1;1
1461;https://maracana.info//beanie-new-era-celtics-aw18.jpg;BEANIE NEW ERA CELTICS AW18;Home;28;0;1
1460;https://maracana.info//beanie-pon-pon-patriots-new-era.jpg;BEANIE PON PON PATRIOTS NEW ERA;Home;28;2;1
1459;https://maracana.info/564/beanie-new-era-pon-pon-seahawks.jpg;BEANIE NEW ERA PON PON SEAHAWKS;Home;28;0;1
1457;https://maracana.info//beanie-new-era-patriots.jpg;BEANIE NEW ERA PATRIOTS;Home;28;0;1
1456;https://maracana.info/565/beanie-new-era-pon-pon-bulls.jpg;BEANIE NEW ERA PON PON BULLS;Home;28;1;1
1455;https://maracana.info//beanie-new-era-ny-pon-pon.jpg;BEANIE NEW ERA NY PON PON;Home;28;2;1
1454;https://maracana.info/575/beanie-new-era-raiders.jpg;BEANIE NEW ERA RAIDERS;Home;28;2;1
1453;https://maracana.info/567/beanie-new-era-lakers-ponpon.jpg;BEANIE NEW ERA LAKERS PONPON;Home;28;1;1
1452;https://maracana.info/568/beanie-new-era-celtics-pon-pon.jpg;BEANIE NEW ERA CELTICS PON PON;Home;28;2;1
1395;https://maracana.info/569/beanie-new-era-patriots.jpg;BEANIE NEW ERA PATRIOTS;Home;25;2;1
1394;https://maracana.info/570/beanie-new-era-pon-pon-red-sox.jpg;BEANIE NEW ERA PON PON RED SOX;Home;25;5;1
1393;https://maracana.info/571/beanie-new-era-pon-pon-red-skin.jpg;BEANIE NEW ERA PON PON RED SKIN;Home;29;0;1
1392;https://maracana.info/572/beanie-new-era-pon-pon-carolina.jpg;BEANIE NEW ERA PON PON CAROLINA;Home;25;0;1
1391;https://maracana.info/573/beanie-new-era-pon-pon-raiders.jpg;BEANIE NEW ERA PON PON RAIDERS;Home;25;0;1
1390;https://maracana.info/574/beanie-new-era-pon-pon-cavaliers.jpg;BEANIE NEW ERA PON PON CAVALIERS;Home;25;3;1
1345;https://maracana.info/526/t-shirt-new-era-lakers.jpg;T SHIRT NEW ERA LAKERS;TSHIRT;30;56;1
1344;https://maracana.info/495/hoodie-new-era-bucks.jpg;HOODIE NEW ERA BUCKS;FELPE;65;4;1
1343;https://maracana.info/496/hoodie-new-era-miami-heat.jpg;HOODIE NEW ERA MIAMI HEAT;FELPE;65;7;1
1342;https://maracana.info/498/hoodie-new-era-dolphin.jpg;HOODIE NEW ERA DOLPHIN;FELPE;65;18;1
1337;https://maracana.info/576/cap-new-era-orioles.jpg;CAP NEW ERA ORIOLES;CAPPELLI;25;8;1
1336;https://maracana.info/601/cap-new-era-bulls-black-edition.jpg;CAP NEW ERA BULLS BLACK EDITION;CAPPELLI;25;19;1
1335;https://maracana.info/577/cap-new-era-lakers.jpg;CAP NEW ERA LAKERS;CAPPELLI;25;29;1
1334;https://maracana.info/579/cap-new-era-lakers-black-edition.jpg;CAP NEW ERA LAKERS BLACK EDITION;CAPPELLI;25;29;1
1333;https://maracana.info/578/cap-new-era-boston-celtics.jpg;CAP NEW ERA BOSTON CELTICS;CAPPELLI;25;27;1
1292;https://maracana.info//pantaloncino-new-era-panters.jpg;PANTALONCINO NEW ERA PANTERS;BERMUDA;19;2;1
1291;https://maracana.info//pantaloncino-new-era-raiders.jpg;PANTALONCINO NEW ERA RAIDERS;BERMUDA;19;1;1
1245;https://maracana.info/500/hoodie-new-era-bulls.jpg;HOODIE NEW ERA BULLS;FELPE;65;8;1
1244;https://maracana.info//sweatshirt-new-era-seahwks.jpg;SWEATSHIRT NEW ERA SEAHWKS;FELPE;60;1;1
1243;https://maracana.info//hoodie-zip-new-era-red-skin.jpg;HOODIE ZIP NEW ERA RED SKIN;FELPE;60;1;1
1242;https://maracana.info//pant-tuta-new-era-raiders.jpg;PANT TUTA NEW ERA RAIDERS;PANTALONI;50;0;1
1241;https://maracana.info//pant-tuta-new-era-vikings.jpg;PANT TUTA NEW ERA VIKINGS;PANTALONI;50;0;1
1218;https://maracana.info//sweatshirt-new-era-cavaliers.jpg;SWEATSHIRT NEW ERA CAVALIERS;FELPE;60;1;1
1217;https://maracana.info//sweatshirt-new-era-redskins.jpg;SWEATSHIRT NEW ERA REDSKINS;FELPE;50;2;1
1211;https://maracana.info/502/hoodie-new-era-buccaners.jpg;HOODIE NEW ERA BUCCANERS;FELPE;65;0;1
1194;https://maracana.info/503/hoodie-new-era-eagle.jpg;HOODIE NEW ERA EAGLE;FELPE;65;31;1
1178;https://maracana.info/505/hoodie-new-era-vikings.jpg;HOODIE NEW ERA VIKINGS;FELPE;65;6;1
1177;https://maracana.info/507/hoodie-new-era-seahawks.jpg;HOODIE NEW ERA SEAHAWKS;FELPE;65;4;1
1176;https://maracana.info/508/hoodie-new-era-raiders.jpg;HOODIE NEW ERA RAIDERS;FELPE;65;2;1
1175;https://maracana.info/510/hoodie-new-era-red-skin.jpg;HOODIE NEW ERA RED SKIN;FELPE;65;13;1
1174;https://maracana.info/511/hoodie-new-era-patriots.jpg;HOODIE NEW ERA PATRIOTS;FELPE;65;2;1
1173;https://maracana.info/513/hoodie-new-era-panther.jpg;HOODIE NEW ERA PANTHER;FELPE;65;17;1
1172;https://maracana.info//sweatshirt-new-era-lakers.jpg;SWEATSHIRT NEW ERA LAKERS;FELPE;60;0;1
1171;https://maracana.info/515/hoodie-new-era-lakers.jpg;HOODIE NEW ERA LAKERS;FELPE;65;5;1
1162;https://maracana.info/517/hoodie-new-era-jaguar.jpg;HOODIE NEW ERA JAGUAR;FELPE;65;35;1
1161;https://maracana.info//sweatshirt-new-era-patriots.jpg;SWEATSHIRT NEW ERA PATRIOTS;FELPE;60;3;1
1160;https://maracana.info//sweatshirt-new-era-raiders.jpg;SWEATSHIRT NEW ERA RAIDERS;FELPE;60;1;1
1159;https://maracana.info//sweatshirt-new-era-logo-nfl.jpg;SWEATSHIRT NEW ERA LOGO NFL;FELPE;60;0;1
1158;https://maracana.info/519/hoodie-new-era-falcons.jpg;HOODIE NEW ERA FALCONS;FELPE;65;18;1
1156;https://maracana.info/521/hoodie-new-era-broncos.jpg;HOODIE NEW ERA BRONCOS;FELPE;65;1;1
1155;https://maracana.info/523/hoodie-new-era-baltimora.jpg;HOODIE NEW ERA BALTIMORA;FELPE;65;8;1
1149;https://maracana.info//sweatshirt-new-era-vikings-big-logo.jpg;SWEATSHIRT NEW ERA VIKINGS BIG LOGO;FELPE;50;0;1
1147;https://maracana.info//swatshirt-new-era-packers.jpg;SWATSHIRT NEW ERA PACKERS;FELPE;60;1;1
1124;https://maracana.info//cap-new-era-golde-state.jpg;CAP NEW ERA GOLDE STATE;CAPPELLI;25;0;1
1123;https://maracana.info//cap-new-era-golden-state.jpg;CAP NEW ERA GOLDEN STATE;CAPPELLI;25;0;1
1120;https://maracana.info/960/cap-new-era-silvestro.jpg;CAP NEW ERA SILVESTRO;CAPPELLI;25;3;1
1119;https://maracana.info/959/cap-new-era-bugs.jpg;CAP NEW ERA BUGS;CAPPELLI;25;3;1
1118;https://maracana.info/958/cap-new-era-coyote.jpg;CAP NEW ERA COYOTE;CAPPELLI;25;0;1
1112;https://maracana.info/613/cap-new-era-rip-city.jpg;CAP NEW ERA RIP CITY;CAPPELLI;25;2;1
1111;https://maracana.info/956/cap-new-era-air-max.jpg;CAP NEW ERA AIR MAX;CAPPELLI;25;3;1
1110;https://maracana.info//cap-new-era-palma.jpg;CAP NEW ERA PALMA;CAPPELLI;25;0;1
1109;https://maracana.info//cap-new-era-canestro.jpg;CAP NEW ERA CANESTRO;CAPPELLI;25;1;1
1108;https://maracana.info/957/cap-new-era-lakers-est.jpg;CAP NEW ERA LAKERS EST;CAPPELLI;25;0;1
1107;https://maracana.info/588/cap-new-era-seahawcks-tech.jpg;CAP NEW ERA SEAHAWCKS TECH;CAPPELLI;32;4;1
1106;https://maracana.info//cap-new-era-raiders-tech.jpg;CAP NEW ERA RAIDERS TECH;CAPPELLI;32;2;1
1105;https://maracana.info//cap-new-era-celtic-est.jpg;CAP NEW ERA CELTIC EST;CAPPELLI;25;1;1
1104;https://maracana.info/602/cap-new-era-marlin.jpg;CAP NEW ERA MARLIN;CAPPELLI;25;25;1
1103;https://maracana.info/582/cap-new-era-raiders.jpg;CAP NEW ERA RAIDERS;CAPPELLI;25;39;1
1102;https://maracana.info/583/cap-new-era-bucks.jpg;CAP NEW ERA BUCKS;CAPPELLI;25;39;1
1101;https://maracana.info/603/cap-new-era-spurs.jpg;CAP NEW ERA SPURS;CAPPELLI;25;2;1
1100;https://maracana.info//cap-new-era-memphis-grizzlies.jpg;CAP NEW ERA MEMPHIS GRIZZLIES;CAPPELLI;25;2;1
1099;https://maracana.info/584/cap-new-era-braves.jpg;CAP NEW ERA BRAVES;CAPPELLI;25;6;1
1098;https://maracana.info/585/cap-new-era-packers.jpg;CAP NEW ERA PACKERS;CAPPELLI;25;1;1
1097;https://maracana.info/586/cap-new-era-miami.jpg;CAP NEW ERA MIAMI;CAPPELLI;25;15;1
1096;https://maracana.info/587/cap-new-era-jaguar.jpg;CAP NEW ERA JAGUAR;CAPPELLI;25;149;1
1095;https://maracana.info/589/cap-new-era-bulls.jpg;CAP NEW ERA BULLS;CAPPELLI;25;41;1
1076;https://maracana.info//cap-new-era-argentina.jpg;CAP NEW ERA ARGENTINA;CAPPELLI;25;0;1
1075;https://maracana.info/590/cap-new-era-bucaners.jpg;CAP NEW ERA BUCANERS;CAPPELLI;25;0;1
1073;https://maracana.info/604/cap-new-era-toronto-blu-j.jpg;CAP NEW ERA TORONTO BLU J;CAPPELLI;25;13;1
1072;https://maracana.info/591/cap-new-era-giants.jpg;CAP NEW ERA GIANTS;CAPPELLI;25;17;1
1071;https://maracana.info//cap-new-era-chicago-bears.jpg;CAP NEW ERA CHICAGO BEARS;CAPPELLI;25;2;1
1066;https://maracana.info/964/cap-scritta-maracana.jpg;Cappello New Era Maracana Scritta;CAPPELLI;25;0;1
1062;https://maracana.info//cap-new-era-bucket.jpg;Cappello New Era Bucket;CAPPELLI;25;0;1
1050;https://maracana.info/611/cap-new-era-tampa-bay.jpg;CAP NEW ERA TAMPA BAY;CAPPELLI;25;1;1
1049;https://maracana.info/610/cap-new-era-vikings.jpg;CAP NEW ERA VIKINGS;CAPPELLI;25;25;1
1048;https://maracana.info/612/cap-new-era-tigers.jpg;CAP NEW ERA TIGERS;CAPPELLI;25;12;1
1047;https://maracana.info/609/cap-new-era-redskins.jpg;CAP NEW ERA REDSKINS;CAPPELLI;25;17;1
1046;https://maracana.info/607/cap-new-era-red-sox.jpg;CAP NEW ERA RED SOX;CAPPELLI;25;15;1
1045;https://maracana.info/608/cap-new-era-raptors.jpg;CAP NEW ERA RAPTORS;CAPPELLI;25;3;1
1044;https://maracana.info/606/cap-new-era-rams.jpg;CAP NEW ERA RAMS;CAPPELLI;25;11;1
1043;https://maracana.info/605/cap-new-era-pirates.jpg;CAP NEW ERA PIRATES;CAPPELLI;25;24;1
1040;https://maracana.info/594/cap-new-era-white-sox.jpg;CAP NEW ERA WHITE SOX;CAPPELLI;25;27;1
1039;https://maracana.info/615/cap-new-era-seahawks.jpg;CAP NEW ERA SEAHAWKS;CAPPELLI;25;70;1
1038;https://maracana.info/625/cap-new-era-pellicans.jpg;CAP NEW ERA PELLICANS;CAPPELLI;25;35;1
1037;https://maracana.info/624/cap-new-era-patriots.jpg;CAP NEW ERA PATRIOTS;CAPPELLI;25;28;1
1036;https://maracana.info/623/cap-new-era-panters.jpg;CAP NEW ERA PANTERS;CAPPELLI;25;83;1
1035;https://maracana.info/622/cap-new-era-pacers.jpg;CAP NEW ERA PACERS;CAPPELLI;25;1;1
1034;https://maracana.info/618/cap-new-era-ny.jpg;CAP NEW ERA NY;CAPPELLI;25;137;1
1032;https://maracana.info/617/cap-new-era-arizona-cardinals.jpg;CAP NEW ERA ARIZONA CARDINALS;CAPPELLI;25;7;1
1030;https://maracana.info/599/cap-new-era-la.jpg;CAP NEW ERA LA;CAPPELLI;25;23;1
1014;https://maracana.info/965/cap-new-era-maracana-logo.jpg;CAP NEW ERA MARACANA LOGO;CAPPELLI;25;0;1
1013;https://maracana.info/616/cap-new-era-hornets.jpg;CAP NEW ERA HORNETS;CAPPELLI;25;40;1
1012;https://maracana.info/598/cap-new-era-falcons.jpg;CAP NEW ERA FALCONS;CAPPELLI;25;62;1
1011;https://maracana.info/595/cap-new-era-eagles.jpg;CAP NEW ERA EAGLES;CAPPELLI;25;149;1
1010;https://maracana.info/593/cap-new-era-dolphin.jpg;CAP NEW ERA DOLPHIN;CAPPELLI;25;46;1
1009;https://maracana.info/614/cap-new-era-dbacks.jpg;CAP NEW ERA D.BACKS;CAPPELLI;25;19;1
1008;https://maracana.info//cap-new-era-cavaliers.jpg;CAP NEW ERA CAVALIERS;CAPPELLI;25;0;1
1007;https://maracana.info/597/cap-new-era-broncos.jpg;CAP NEW ERA BRONCOS;CAPPELLI;25;66;1
1006;https://maracana.info/596/cap-new-era-baltimora.jpg;CAP NEW ERA BALTIMORA;CAPPELLI;25;48;1
1005;https://maracana.info/592/cap-new-era-athletics.jpg;CAP NEW ERA ATHLETICS;CAPPELLI;25;30;1
945;https://maracana.info//tshirt-new-era-bulls-toppa.jpg;TSHIRT NEW ERA BULLS TOPPA;TSHIRT;39;0;1
888;https://maracana.info//tshirt-new-era-lakers-taschino.jpg;TSHIRT NEW ERA LAKERS TASCHINO;TSHIRT;39;0;1
887;https://maracana.info//tshirt-new-era-patriots-scritta-big.jpg;TSHIRT NEW ERA PATRIOTS SCRITTA BIG;TSHIRT;30;2;1
886;https://maracana.info//tshirt-new-era-la.jpg;TSHIRT NEW ERA L.A.;TSHIRT;30;0;1
484;https://maracana.info/527/tshirt-new-era-washington-redskins.jpg;TSHIRT NEW ERA WASHINGTON REDSKINS;TSHIRT;30;32;1
483;https://maracana.info/529/tshirt-new-era-tampa-bay-buccaneers.jpg;TSHIRT NEW ERA TAMPA BAY BUCCANEERS;TSHIRT;30;0;1
482;https://maracana.info/531/tshirt-new-era-philadelphia-eagles.jpg;TSHIRT NEW ERA PHILADELPHIA EAGLES;TSHIRT;30;31;1
481;https://maracana.info/533/tshirt-new-era-oakland-raiders.jpg;TSHIRT NEW ERA OAKLAND RAIDERS;TSHIRT;30;38;1
480;https://maracana.info/534/tshirt-new-era-new-england-patriots.jpg;TSHIRT NEW ERA NEW ENGLAND PATRIOTS;TSHIRT;30;3;1
479;https://maracana.info/536/tshirt-new-era-minnesota-vikings.jpg;TSHIRT NEW ERA MINNESOTA VIKINGS;TSHIRT;30;15;1
477;https://maracana.info/538/tshirt-new-era-jacksonville-jaguars.jpg;TSHIRT NEW ERA JACKSONVILLE JAGUARS;TSHIRT;30;119;1
476;https://maracana.info/540/tshirt-new-era-hornets.jpg;TSHIRT NEW ERA HORNETS;TSHIRT;30;4;1
475;https://maracana.info//tshirt-new-era-green-bay-packers.jpg;TSHIRT NEW ERA GREEN BAY PACKERS;TSHIRT;30;0;1
474;https://maracana.info/541/tshirt-new-era-chicago-bulls.jpg;TSHIRT NEW ERA CHICAGO BULLS;TSHIRT;30;82;1
473;https://maracana.info/543/tshirt-new-era-carolina-panthers.jpg;TSHIRT NEW ERA CAROLINA PANTHERS;TSHIRT;30;51;1
472;https://maracana.info/545/tshirt-new-era-boston-celtics.jpg;TSHIRT NEW ERA BOSTON CELTICS;TSHIRT;30;2;1
448;https://maracana.info/546/tshirt-new-era-denver-broncos.jpg;TSHIRT NEW ERA DENVER BRONCOS;TSHIRT;30;4;1
446;https://maracana.info//tshirt-new-eracleveland-cavaliers.jpg;TSHIRT NEW ERACLEVELAND CAVALIERS;TSHIRT;30;3;1
432;https://maracana.info/547/tshirt-new-era-seattle-seahawks.jpg;TSHIRT NEW ERA SEATTLE SEAHAWKS;TSHIRT;30;19;1
431;https://maracana.info/549/tshirt-new-era-new-orleans-pelicans.jpg;TSHIRT NEW ERA NEW ORLEANS PELICANS;TSHIRT;30;1;1
430;https://maracana.info/551/tshirt-new-era-milwaukee-bucks.jpg;TSHIRT NEW ERA MILWAUKEE BUCKS;TSHIRT;30;12;1
429;https://maracana.info/553/tshirt-new-era-los-angeles-rams.jpg;TSHIRT NEW ERA LOS ANGELES RAMS;TSHIRT;39;12;1
427;https://maracana.info/555/tshirt-new-era-doppio-logo-raiders.jpg;TSHIRT NEW ERA DOPPIO LOGO RAIDERS;TSHIRT;39;0;1
426;https://maracana.info//tshirt-new-era-doppio-logo-patriots.jpg;TSHIRT NEW ERA DOPPIO LOGO PATRIOTS;TUTTI I PRODOTTI;39;0;1
425;https://maracana.info/556/tshirt-new-eradoppio-logo-panters.jpg;TSHIRT NEW ERADOPPIO LOGO PANTERS;TSHIRT;39;3;1
424;https://maracana.info//tshirt-new-era-scritta-big-raiders.jpg;TSHIRT NEW ERA SCRITTA BIG RAIDERS;TSHIRT;30;0;1
421;https://maracana.info/557/tshirt-new-era-baltimore-ravens.jpg;TSHIRT NEW ERA BALTIMORE RAVENS;TSHIRT;30;3;1
352;https://maracana.info/559/tshirt-new-era-miami-dolphins.jpg;TSHIRT NEW ERA MIAMI DOLPHINS;TSHIRT;30;33;1
351;https://maracana.info/560/tshirt-new-era-atlanta-falcons.jpg;TSHIRT NEW ERA ATLANTA FALCONS;TSHIRT;30;4;1
188;https://maracana.info/525/hoodie-new-era-celtics.jpg;HOODIE NEW ERA CELTICS;FELPE;65;2;1
161;https://maracana.info//sweatshirt-new-era-celtics.jpg;SWEATSHIRT NEW ERA CELTICS;FELPE;60;1;1