sku,name,barcode,family_id,family,id_group,group,Esistenza,Scarto,stock_quantity,Esercizio,Listino1,Listino2,Listino3
000000000009705,"WHISKY BALLANTINES PURE MALT 12 Y CL.70",5010106110478,9,WHISKY,032,DISTILLATI,"1,000",2,"-1,000",2021,"20,56500","22,62500","15,46000"
000000000032903,"RUM S.TERESA SELECTO CL.70",0024223300150,8,RUM,032,DISTILLATI,"15,000",2,"13,000",2021,"22,22500","24,44500","16,70000"
000000000033206,"GIN BOMBAY LT. 1 ///",5010677716000,11,GIN,032,DISTILLATI,"34,000",2,"32,000",2021,"17,97500","19,77500","13,51000"
000000000233697,"RUM ZACAPA 23Y  CL.70 ///",7401005002106,8,RUM,032,DISTILLATI,"54,000",2,"52,000",2021,"48,56500","53,42400","36,51000"
000000000233979,"CHERRY STOCK CL. 0,70",8000440352129,13,LIQUORI,010,"AMARI E LIQUORI","6,000",2,"4,000",2021,"10,35500","11,39500","6,90000"
000000000234351,"RUM BALLY PYRAMID 7Y CL. 70 ///",3306230070705,8,RUM,032,DISTILLATI,"13,000",2,"11,000",2021,"48,27500","53,10500","36,29000"
000000000234508,"DE KUYPER PEACH TREE CL. 70 ///",8710625525636,13,LIQUORI,010,"AMARI E LIQUORI","11,000",2,"9,000",2021,"10,77500","11,85500","7,18000"
000000000234509,"CHAMPAGNE DOM PERIGNON CL. 75 2010 XXXX ///",3185370445648,00116,CHAMPAGNE,033,BOLLICINE,"39,000",0,"39,000",2021,"138,00500","151,81500","128,00000"
000000000235015,"WHISKY CHIVAS REGAL LT. 1",5000299212905,9,WHISKY,032,DISTILLATI,"14,000",2,"12,000",2021,"29,94500","32,94500","22,51000"
000000000235054,"SAMBUCA MOLINARI AL CAFFE' CL. 70",8002095200060,13,LIQUORI,010,"AMARI E LIQUORI","10,000",2,"8,000",2021,"11,46500","12,60500","8,18000"
000000000235356,"VODKA BORYSKA-VLADIVASTOK BELLINI LT. 2",8007525103700,7,VODKA,032,DISTILLATI,"77,000",2,"75,000",2021,"13,56500","14,92500","10,19800"
000000000235447,"ALCHERMES BELLINI LT. 2",8007525103300,13,LIQUORI,010,"AMARI E LIQUORI","25,000",2,"23,000",2021,"9,87500","10,86500","7,41900"
000000000235660,"RUM ZACAPA 25Y CENTENARIO XO CL. 70",7401005008610,8,RUM,032,DISTILLATI,"16,000",2,"14,000",2021,"112,50500","123,76500","90,00000"
000000000235772,"RUM S.TERESA CLARO LT. 1",024223002030,8,RUM,032,DISTILLATI,"9,000",2,"7,000",2021,"12,92500","14,22500","6,86000"
000000000235797,"RUM SANTA TERESA GRAN RESERVE CL. 70",024223301157,8,RUM,032,DISTILLATI,"12,000",2,"10,000",2021,"16,63500","18,30500","12,50000"
000000000235967,"PASSOA LT. 1 ///",3035540001825,13,LIQUORI,010,"AMARI E LIQUORI","16,000",2,"14,000",2021,"12,64500","13,91500","9,49900"
000000000236089,"BOLS APRICOT CL. 70 XXXXX ///",8716000965240,13,LIQUORI,010,"AMARI E LIQUORI","9,000",2,"7,000",2021,"10,44500","11,49500","6,96000"
000000000009709,"WHISKY SOUTHERN COMFORT LT.1 ///",5099873015377,9,WHISKY,032,DISTILLATI,"1,000",2,"-1,000",2021,"18,21500","20,04500","13,68900"
000000000009719,"LIME ROSE'S LT.1",5701125254372,13,LIQUORI,010,"AMARI E LIQUORI","24,000",2,"22,000",2021,"4,26500","4,69500","3,20500"
000000000033004,"VINO ZANZI LAMBRUSCO CL.75",8008530003128,15,"VINO ROSSO",009,VINI,"51,000",2,"49,000",2021,"1,70500","1,88500","1,27500"
000000000233907,"RUM BARBANCOURT 5 STELLE 8Y CL.70 HAITI",0089016005827,8,RUM,032,DISTILLATI,"6,000",2,"4,000",2021,"28,70500","31,58500","19,13000"
000000000234147,"GRAPPA BIANCA VENETA LT. 2",8007525003105,5,GRAPPA,032,DISTILLATI,"19,000",2,"17,000",2021,"13,70500","15,08500","10,30200"
000000000234939,"PUNCH PICENO MELETTI CL. 70",8000655550709,4,PUNCH,010,"AMARI E LIQUORI","19,000",2,"17,000",2021,"9,28500","10,21500","6,18300"
000000000235156,"CACHACA NEGA FULO LT. 1",8008099532558,00113,MEZCAL/PISCO/CACHACA,032,DISTILLATI,"0,000",2,"-2,000",2021,"17,70500","19,46500","13,30000"
000000000235278,"GIN BELLINI LT. 2",8007525102907,11,GIN,032,DISTILLATI,"139,000",2,"137,000",2021,"13,71500","15,09500","10,30800"
000000000236370,"PUNCH ABRUZZO EVANGELISTA LT.1",8008255191100,4,PUNCH,010,"AMARI E LIQUORI","110,000",2,"108,000",2021,"15,76500","17,34500","10,50700"
000000000236379,"MARZADRO ANIMA NERA  CL.70",80573999,5,GRAPPA,032,DISTILLATI,"38,000",2,"36,000",2021,"14,73500","16,21500","11,07700"
000000000236403,"ROSSO ANTICO CL.75",8000060407049,13,LIQUORI,010,"AMARI E LIQUORI","4,000",2,"2,000",2021,"15,69500","17,27500","11,80000"
000000000236623,"BATIDA DE COCO LT.1 ///",7640109120204,13,LIQUORI,010,"AMARI E LIQUORI","22,000",2,"20,000",2021,"11,70500","12,88500","8,80000"
000000000236683,"WHISKY JIM BEAM  LT.1 ///",5010196092142,9,WHISKY,032,DISTILLATI,"32,000",2,"30,000",2021,"15,15500","16,67500","11,39200"
000000000236772,"GRAPPA RAMETZ PINOT CL.70",8016683013536,5,GRAPPA,032,DISTILLATI,"7,000",2,"5,000",2021,"10,99500","12,10500","8,26000"
000000000237149,"VINO BIANCO CIVITAS LT.1 COLONNELLA",801070200050,14,"VINO BIANCO",009,VINI,"12,000",2,"10,000",2021,"1,57500","1,73500","1,18000"
000000000237622,"LIMONITO LT.1",8003760007564,13,LIQUORI,010,"AMARI E LIQUORI","7,000",2,"5,000",2021,"9,98500","10,98500","7,50000"
000000000237896,"VINO FIORDUVA FURORE BIANCO 2019 CL.75 14,5° MARISA CUOMO VINI ESTREMI",8033829280430,14,"VINO BIANCO",009,VINI,"3,000",0,"3,000",2021,"41,90500","46,10500","31,50000"
000000000238087,"WHISKY BALLANTINES LT. 1 ///",5010106111956,9,WHISKY,032,DISTILLATI,"13,000",2,"11,000",2021,"14,26500","15,69500","11,40700"
000000000238456,"VINO PASSERINA ADAMANTEA CL.75 TENUTA COCCI GRIFONI",8010109401044,14,"VINO BIANCO",009,VINI,"1,000",2,"-1,000",2021,"4,60500","5,07500","3,46000"
000000000238619,"LIQUORE DI LIMONE BROTTO LT.2",80594345,13,LIQUORI,010,"AMARI E LIQUORI","2,000",2,"0,000",2021,"18,09500","19,90500","13,60200"
000000000238635,"FABBRI TOPPING AMARENA GR.950 ///",80021728,00121,TOPPING,011,SCIROPPI/TOPPING,"9,000",2,"7,000",2021,"8,04500","8,85500","5,35800"
000000000238803,"MARZADRO LIQUORE MARENA CL.70",8004009008786,13,LIQUORI,010,"AMARI E LIQUORI","34,000",2,"32,000",2021,"16,73500","18,41500","11,15000"
000000000239024,"RUM ZACAPA 23Y ETICHETTA NERA CL.70 ///",7401005004735,8,RUM,032,DISTILLATI,"-1,000",2,"-3,000",2021,"78,62500","86,49500","52,41200"
000000000239247,"VINO TIGNANELLO 2017/2018 CL.75 TOSCANA IGT ANTINORI",8001935124504,15,"VINO ROSSO",009,VINI,"4,000",0,"4,000",2021,"70,70500","77,78500","50,50000"
000000000239455,"SCOTCH WHISKY GRANT'S CL.70",5010327000404,9,WHISKY,032,DISTILLATI,"20,000",2,"18,000",2021,"12,14500","13,36500","9,12500"
000000000239529,"BIRRA HB MUNCHEN WEISSE CL.50",4005686004157,18,"BIRRA SPECIALE/ARTIGIANALE",014,BIRRE,"110,000",2,"108,000",2021,"1,41500","1,56500","0,94100"
000000000239595,"AMARO 18 ISOLABELLA CL.100",8001110017058,10,AMARO,010,"AMARI E LIQUORI","7,000",2,"5,000",2021,"17,18500","18,90500","11,45000"
000000000239673,"ISOLABELLA STRAWBERRY MIX & CO. CL.70",8003760136004,13,LIQUORI,010,"AMARI E LIQUORI","2,000",2,"0,000",2021,"8,21500","9,04500","5,47167"
000000000239743,"RUM SANTA TERESA ANEJO GRAN RESERVE LT.1",024223000319,8,RUM,032,DISTILLATI,"7,000",2,"5,000",2021,"21,24500","23,37500","15,97000"
000000000239984,"CHAMPAGNE RUINART BLANC DE BLANCS CL.75 C/ASTUCCIO 12.5° XXX",3185370303429,00116,CHAMPAGNE,033,BOLLICINE,"8,000",0,"8,000",2021,"65,00500","71,51500","55,00000"
000000000240270,"MARSALA CREMOVO LT.1 LILIBEO",8004445025392,13,LIQUORI,010,"AMARI E LIQUORI","14,000",2,"12,000",2021,"5,48500","6,03500","3,65000"
000000000240288,"SCOTCH WHISKY CARDHU 12 Y CL.70 ///",5000267102573,9,WHISKY,032,DISTILLATI,"7,000",2,"5,000",2021,"24,71500","27,19500","18,58000"
000000000240363,"ELISIR GRAMBRINUS CL.70",8024419000019,13,LIQUORI,010,"AMARI E LIQUORI","4,000",2,"2,000",2021,"16,96500","18,66500","11,30840"
000000000240538,"LIME JUICE CORDIAL NATYS LT.1",8009760011068,13,LIQUORI,004,CONDIMENTI-GUARNITORI-OLIO,"111,000",2,"109,000",2021,"6,20500","6,83500","3,10000"
000000000009707,"AMARO MONTENEGRO CL. 70XXXX ///",8000330014458,10,AMARO,010,"AMARI E LIQUORI","334,000",2,"332,000",2021,"10,30500","13,85500","9,55300"
000000000234829,"VINO SPUMANTE BRUT CUVEE PINOT CHARDONNAY CINZANO CL.75",8000020000181,00118,PROSECCO/SPUMANTE,033,BOLLICINE,"428,000",2,"426,000",2021,"4,57500","5,03500","3,43400"
000000000235605,"MIDORI LT. 1",080686933182,13,LIQUORI,010,"AMARI E LIQUORI","16,000",2,"14,000",2021,"17,56500","19,32500","13,20000"
000000000235729,"RUM MYERS'S CL. 70",087000652354,8,RUM,032,DISTILLATI,"16,000",2,"14,000",2021,"13,83500","15,22500","10,40000"
000000000235752,"RICARD LT. 1",3163937010003,13,LIQUORI,010,"AMARI E LIQUORI","9,000",2,"7,000",2021,"17,42500","19,17500","13,10000"
000000000236330,"BOLS PEPPER MINT WHITE  CL.70 XXXXX ///",8716000965394,13,LIQUORI,010,"AMARI E LIQUORI","13,000",2,"11,000",2021,"10,44500","11,49500","6,96000"
000000000236425,"WHISKY JAMESON  LT.1 ///",5011007003227,9,WHISKY,032,DISTILLATI,"36,000",2,"34,000",2021,"20,10500","22,12500","15,11000"
000000000236509,"MARASCHINO SAN GIORGIO LT.2",8007525102990,13,LIQUORI,010,"AMARI E LIQUORI","6,000",2,"4,000",2021,"11,32500","12,46500","8,51000"
000000000240700,"CHAMPAGNE KRUG CL.150 12° C/ASTUCCIO",3258064006262,00116,CHAMPAGNE,033,BOLLICINE,"1,000",0,"1,000",2021,"461,48500","507,62500","288,42000"
000000000240704,"CHAMPAGNE MOET & CHANDON LT. 1,5 C/ASTUCCIO (ROSSO) XXXX ///",3185370011010,00116,CHAMPAGNE,033,BOLLICINE,"0,000",2,"-2,000",2021,"96,00500","105,61500","64,00000"
000000000240706,"CHAMPAGNE RUINART DE RUINART CL.75 C/ASTUCCIO XXX",3185370288672,00116,CHAMPAGNE,033,BOLLICINE,"10,000",0,"10,000",2021,"49,95500","54,95500","36,95000"
000000000240889,"VINO MOSCATO D'ASTI DOCG I VIGNAIOLI DI S.STEFANO CL.75",8033254937527,00118,PROSECCO/SPUMANTE,033,BOLLICINE,"22,000",2,"20,000",2021,"10,77500","11,85500","8,10000"
000000000240891,"CHAMPAGNE DELAMOTTE BRUT CL.75 XXX",3418760000685,00116,CHAMPAGNE,033,BOLLICINE,"12,000",0,"12,000",2021,"32,92500","36,22500","27,92000"
000000000241133,"VOV LIQUORE ALL'UOVO CL.70 ///",8002095761783,13,LIQUORI,010,"AMARI E LIQUORI","19,000",2,"17,000",2021,"12,97500","14,27500","9,75000"
000000000241176,"LIQUORE AL SAMBUCO SAINT GERMAIN CL.70 ///",5014271796161,13,LIQUORI,010,"AMARI E LIQUORI","10,000",2,"8,000",2021,"30,71500","33,79500","23,09000"
000000000241335,"CHAMPAGNE PERRIER JOUET BELLE EPOQUE CL.75 12.5°  C/ASTUCCIO",852832105220,00116,CHAMPAGNE,033,BOLLICINE,"0,000",0,"0,000",2021,"137,24500","150,97500","91,49300"
000000000236770,"GRAPPA RAMETZ CHARDONNAY CL.70",8016683013413,5,GRAPPA,032,DISTILLATI,"9,000",2,"7,000",2021,"11,94500","13,14500","8,98000"
000000000236780,"CREOLA BELLINI LT.1",8007525121106,13,LIQUORI,010,"AMARI E LIQUORI","6,000",2,"4,000",2021,"7,00500","7,71500","5,26000"
000000000236905,"BOLS CREME MINT VERDE CL.70 ///",8716000965417,13,LIQUORI,010,"AMARI E LIQUORI","12,000",2,"10,000",2021,"10,44500","11,49500","6,96000"
000000000237120,"MARTINI ROSATO LT.1 ///",3011932000843,3,"APERITIVO ALCOLICO",013,APERITIVI,"13,000",2,"11,000",2021,"6,96500","7,66500","5,23200"
000000000237706,"BOLS CREME DE BANANES CL.70 XXX ///",8716000965004,13,LIQUORI,010,"AMARI E LIQUORI","9,000",2,"7,000",2021,"9,68500","10,65500","6,45000"
000000000237897,"VINO RAVELLO BIANCO 2020 CL.75 13,5° MARISA CUOMO",8033829280515,14,"VINO BIANCO",009,VINI,"4,000",2,"2,000",2021,"13,30500","14,64500","10,00000"
000000000238553,"FABBRI TOPPING CIOCCOLATO GR.950 ///",80021674,00121,TOPPING,011,SCIROPPI/TOPPING,"15,000",2,"13,000",2021,"7,84500","8,62500","5,22000"
000000000238555,"FABBRI TOPPING FRUTTI DI BOSCO GR.950",80021759,00121,TOPPING,011,SCIROPPI/TOPPING,"5,000",2,"3,000",2021,"10,15500","11,17500","6,76700"
000000000238558,"FABBRI TOPPING FRAGOLA GR.950 ///",80021711,00121,TOPPING,011,SCIROPPI/TOPPING,"8,000",2,"6,000",2021,"7,84500","8,62500","5,22000"
000000000238771,"CAFFE' SPORTINO CL.5",8004400073338,13,LIQUORI,010,"AMARI E LIQUORI","250,000",2,"248,000",2021,"1,00500","1,11500","0,75000"
000000000235730,"LIQUORE PIMM'S CL. 70 ///",2010262070098,13,LIQUORI,010,"AMARI E LIQUORI","0,000",2,"-2,000",2021,"11,17500","12,29500","8,40000"
000000000236070,"BOLS TRIPLE SEC CL. 70 ///",8716000965066,13,LIQUORI,010,"AMARI E LIQUORI","71,000",2,"69,000",2021,"10,28500","11,31500","6,85000"
000000000236420,"ANISETTA BELLINI CL.70",8007525101900,13,LIQUORI,010,"AMARI E LIQUORI","0,000",2,"-2,000",2021,"4,30500","4,74500","3,23300"
000000000236763,"GRAPPA VITIS CL.70",8016683013055,5,GRAPPA,032,DISTILLATI,"50,000",2,"48,000",2021,"12,39500","13,64500","7,07900"
000000000236764,"GRAPPA VITIS AMBRATA CL.70",8016683013079,5,GRAPPA,032,DISTILLATI,"68,000",2,"66,000",2021,"13,15500","14,47500","7,51300"
000000000236777,"ALCHERMES BELLINI LT.1",8007525114504,13,LIQUORI,010,"AMARI E LIQUORI","-2,000",2,"-4,000",2021,"5,10500","5,62500","3,83600"
000000000238359,"BIRRA DESPERADOS CL.33",3155930006015,18,"BIRRA SPECIALE/ARTIGIANALE",014,BIRRE,"48,000",2,"46,000",2021,"1,12500","1,24500","0,84300"
000000000238467,"AMARO DEL CAPO LT.1 ///",8004499100014,10,AMARO,010,"AMARI E LIQUORI","112,000",2,"110,000",2021,"15,76500","17,34500","12,60500"
000000000238557,"FABBRI TOPPING NOCC.CIOCC. GR.800 ///",80021810,00121,TOPPING,011,SCIROPPI/TOPPING,"1,000",2,"-1,000",2021,"10,15500","11,17500","6,76700"
000000000238840,"DIMONIOS RISERVA 2009 CANNONAU DI SARDEGNA DOC CL.75 13,5°",8006725101567,15,"VINO ROSSO",009,VINI,"0,000",2,"-2,000",2021,"7,41500","8,16500","5,57000"
000000000239253,"BORSCI S.MARZANO CL.100 ///",8003835000025,13,LIQUORI,010,"AMARI E LIQUORI","19,000",2,"17,000",2021,"23,12500","25,44500","17,38300"
000000000239373,"MARZADRO LIQUORE PELLEROSSA CL.70",8004009009882,13,LIQUORI,010,"AMARI E LIQUORI","2,000",2,"0,000",2021,"23,61500","25,98500","15,74000"
000000000239449,"SAMBUCA BORGHETTI ORO LT.1 ///",8004400070399,13,LIQUORI,010,"AMARI E LIQUORI","0,000",2,"-2,000",2021,"11,19500","12,32500","8,41500"
000000000239481,"XENTA ABSENTA CL.70 ///",8034141060212,13,LIQUORI,010,"AMARI E LIQUORI","14,000",2,"12,000",2021,"22,77500","25,05500","17,11700"
000000000239671,"ISOLABELLA PASSION FRUIT MIX & CO. CL.70",8003760136103,13,LIQUORI,010,"AMARI E LIQUORI","1,000",2,"-1,000",2021,"8,21500","9,04500","5,47167"
000000000239680,"MARZADRO GRAPPA TRENTINA 43° CL.70",8004009009578,5,GRAPPA,032,DISTILLATI,"2,000",2,"0,000",2021,"19,76500","21,74500","14,85600"
000000000239697,"MARZADRO BOMBARDINO CL.100",8004009009462,13,LIQUORI,010,"AMARI E LIQUORI","23,000",2,"21,000",2021,"14,11500","15,53500","10,61000"
000000000239757,"CACHACA 51 CL.100",7896002108133,00113,MEZCAL/PISCO/CACHACA,032,DISTILLATI,"24,000",2,"22,000",2021,"12,27500","13,50500","9,22500"
000000000239774,"AMARO TONICO DIGESTIVE VARNELLI ERBORISTA CL.50",8006525000060,10,AMARO,010,"AMARI E LIQUORI","16,000",2,"14,000",2021,"14,18500","15,60500","10,66200"
000000000238560,"FABBRI TOPPING NOCCIOLA GR.950 ///",80596226,00121,TOPPING,011,SCIROPPI/TOPPING,"14,000",2,"12,000",2021,"7,84500","8,62500","5,22000"
000000000238620,"PORTO SANDEMAN WHITE CL.75",5601083641101,13,LIQUORI,010,"AMARI E LIQUORI","8,000",2,"6,000",2021,"7,98500","8,78500","6,00000"
000000000238634,"FABBRI CREMA FREDDA CAFFE' GR.750",8001780200248,00121,TOPPING,011,SCIROPPI/TOPPING,"18,000",2,"16,000",2021,"11,77500","12,95500","7,84900"
000000000239068,"MARZADRO CAMILLA CL.70",8004009000742,5,GRAPPA,032,DISTILLATI,"3,000",2,"1,000",2021,"21,65500","23,82500","16,28100"
000000000239560,"BIRRA BRUGSE ZOT DUBBEL CL.33",5425017240075,18,"BIRRA SPECIALE/ARTIGIANALE",014,BIRRE,"12,000",2,"10,000",2021,"2,24500","2,46500","1,49250"
000000000239678,"TRIPLE SEC ISOLABELLA LT.1",8001110132904,13,LIQUORI,010,"AMARI E LIQUORI","10,000",2,"8,000",2021,"16,76500","18,43500","11,17000"
000000000009704,"WHISKY JACK DANIEL'S SINGLE BARREL CL.70///",5099873088654,9,WHISKY,032,DISTILLATI,"3,000",2,"1,000",2021,"35,98500","39,58500","27,05000"
000000000032915,"LA FEE ABSINTHE CL.70",50033566034009,13,LIQUORI,010,"AMARI E LIQUORI","4,000",2,"2,000",2021,"38,54500","42,40500","28,98000"
000000000033231,"CAMPARI X 100 VAP  XXX///",000000000033231,3,"APERITIVO ALCOLICO",013,APERITIVI,"381,000",2,"379,000",2021,"64,90500","71,40500","60,87000"
000000000033467,"GRAPPA PO' POLI MOSCATO CL.70",8014115000529,5,GRAPPA,032,DISTILLATI,"34,000",2,"32,000",2021,"19,14500","21,06500","14,39200"
000000000234343,"FRANGELICO CL.70 ///",8004160664500,13,LIQUORI,010,"AMARI E LIQUORI","9,000",2,"7,000",2021,"10,72500","11,80500","8,05700"
000000000234404,"RUM HAVANA CLUB 3Y LT. 1 ///",8501110080255,8,RUM,032,DISTILLATI,"410,000",2,"408,000",2021,"14,58500","16,04500","10,96000"
000000000234718,"BOLS BROWN CACAO CL. 70 ///",8716000964984,13,LIQUORI,010,"AMARI E LIQUORI","15,000",2,"13,000",2021,"10,44500","11,49500","6,96000"
000000000234761,"RUM HAVANA CLUB ESPECIAL LT. 1 ///",8501110080903,8,RUM,032,DISTILLATI,"60,000",2,"58,000",2021,"17,04500","18,75500","12,81000"
000000000235736,"CHAMBORD CL. 70 16,5° C/ASTUCCIO",8004027034491,10,AMARO,010,"AMARI E LIQUORI","4,000",2,"2,000",2021,"35,71500","39,29500","26,85000"
000000000240478,"RUM BRUGAL BLANCO ESPECIAL EXTRA DRY LT.1///",7460855253342,8,RUM,032,DISTILLATI,"-4,000",2,"-6,000",2021,"11,92500","13,12500","8,96000"
000000000240589,"WILD TURKEY 101 PROOF CL.70///",8000040500036,9,WHISKY,032,DISTILLATI,"7,000",2,"5,000",2021,"25,70500","28,28500","17,13500"
000000000240699,"WHISKY JACK DANIEL'S CL.70 ///",5099873089798,9,WHISKY,032,DISTILLATI,"1,000",2,"-1,000",2021,"17,82500","19,61500","13,40000"
000000000240708,"CHAMPAGNE RUINART BLANC DE BLANCS CL.150 12.5°",3185370303436,00116,CHAMPAGNE,033,BOLLICINE,"6,000",2,"4,000",2021,"161,64500","177,81500","115,46000"
000000000240753,"WHISKY MACALLAN SIENNA CL.70",5010314101206,9,WHISKY,032,DISTILLATI,"1,000",2,"-1,000",2021,"77,51500","85,27500","51,67000"
000000000241282,"MARTINI BITTER CL.100 ///",8000570006046,3,"APERITIVO ALCOLICO",013,APERITIVI,"153,000",2,"151,000",2021,"9,31500","10,25500","7,45000"
000000000241336,"CHAMPAGNE PERRIER JOUET GRAND BRUT CL.75 12° C/ASTUCCIO XXX",852832105053,00116,CHAMPAGNE,033,BOLLICINE,"5,000",0,"5,000",2021,"35,24500","38,77500","30,24000"
000000000241350,"RUM BALLY PYRAMID 12Y CL. 70",3147699105344,8,RUM,032,DISTILLATI,"8,000",0,"8,000",2021,"71,42500","78,57500","53,70000"
000000000241602,"BIRRA FLEA FEDERICO II GOLDEN ALE CL.75 ///",8056732800014,18,"BIRRA SPECIALE/ARTIGIANALE",014,BIRRE,"53,000",2,"51,000",2021,"5,53500","6,09500","3,16000"
000000000241604,"BIRRA FLEA BIANCA LANCIA CL.75 ///",8056732800021,18,"BIRRA SPECIALE/ARTIGIANALE",014,BIRRE,"94,000",2,"92,000",2021,"5,53500","6,09500","3,16000"
000000000241605,"BIRRA FLEA BASTOLA ROSSA CL.33 ///",8056732800045,18,"BIRRA SPECIALE/ARTIGIANALE",014,BIRRE,"246,000",2,"244,000",2021,"2,45500","2,70500","1,40000"
000000000241606,"BIRRA FLEA COSTANZA CHIARA SPECIALE CL.33 ///",8056732800076,18,"BIRRA SPECIALE/ARTIGIANALE",014,BIRRE,"331,000",2,"329,000",2021,"2,45500","2,70500","1,40000"
000000000241687,"JACK DANIEL'S JENNESSE HONEY LT.1///",5099873046968,9,WHISKY,032,DISTILLATI,"30,000",2,"28,000",2021,"23,54500","25,90500","17,70000"
000000000241844,"PUNCH RUM JAMAICA LT.1 MOCCIA",8008005021022,4,PUNCH,010,"AMARI E LIQUORI","42,000",2,"40,000",2021,"14,33500","15,77500","9,55000"
000000000241379,"VINO VERDICCHIO LE VELE DOC CL.75 MONCARO",8020605021240,14,"VINO BIANCO",009,VINI,"24,000",2,"22,000",2021,"5,76500","6,34500","4,33000"
000000000241539,"DEGA-NATURERA TOPPING CARAMELLO KG.1",8033011101697,00121,TOPPING,011,SCIROPPI/TOPPING,"10,000",2,"8,000",2021,"6,01500","6,62500","4,52000"
000000000241601,"BIRRA FLEA BASTOLA ROSSA CL.75 ///",8056732800007,18,"BIRRA SPECIALE/ARTIGIANALE",014,BIRRE,"71,000",2,"69,000",2021,"5,53500","6,09500","3,16000"
000000000241918,"VINO AGLIANICO CONTADO RISERVA R.11 CL.75 13,5° DI MAJO",8011315000069,15,"VINO ROSSO",009,VINI,"0,000",2,"-2,000",2021,"8,78500","9,66500","6,60000"
000000000242035,"AMARO RADIS 0.50 LT",8000440113232,10,AMARO,010,"AMARI E LIQUORI","11,000",2,"9,000",2021,"6,61500","7,28500","4,97000"
000000000242325,"BIRRA DOLOMITI ROSSA DOPPIO MALTO CL.33 PEDAVENA ///",8023400106600,18,"BIRRA SPECIALE/ARTIGIANALE",014,BIRRE,"451,000",2,"449,000",2021,"1,56500","1,72500","0,88900"
000000000242358,"BOLS CURACAO DRY ORANGE CL. 70 XXXX",8716000964908,13,LIQUORI,010,"AMARI E LIQUORI","15,000",2,"13,000",2021,"10,50500","11,56500","7,00000"
000000000242481,"MARZADRO ANIMA NERA CL.3",8004009002067,5,GRAPPA,032,DISTILLATI,"43,000",2,"41,000",2021,"0,41500","0,46500","0,27000"
000000000239983,"CHAMPAGNE RUINART ROSE' CL.75  12.5° C/ASTUCCIO XXX",3185370303337,00116,CHAMPAGNE,033,BOLLICINE,"3,000",0,"3,000",2021,"63,40500","69,75500","53,40000"
000000000240204,"AMARO GRAN SASSO PAESANI LT.1 ///",8005456000101,10,AMARO,010,"AMARI E LIQUORI","41,000",2,"39,000",2021,"12,64500","13,91500","9,50000"
000000000240409,"RUM OLDMOOR DARK CL.70",80341246,8,RUM,032,DISTILLATI,"2,000",2,"0,000",2021,"7,80500","8,59500","3,85000"
000000000240485,"AMERICAN HONEY CL.70 ///",8000040500241,9,WHISKY,032,DISTILLATI,"10,000",2,"8,000",2021,"14,81500","16,30500","11,13500"
000000000240703,"CHAMPAGNE MOET & CHANDON ROSE' IMPERIAL CL. 75 12° C/ASTUCCIO XXX",3185370061503,00116,CHAMPAGNE,033,BOLLICINE,"0,000",0,"0,000",2021,"39,10500","43,02500","34,10000"
000000000240734,"VINO FURORE ROSSO COSTA D'AMALFI 2020 CL.75 13,5° MARISA CUOMO",8033829280508,15,"VINO ROSSO",009,VINI,"3,000",2,"1,000",2021,"13,57500","14,93500","10,20000"
000000000242328,"BIRRA DOLOMITI SPECIALE CL.75 PEDAVENA",8023400006689,18,"BIRRA SPECIALE/ARTIGIANALE",014,BIRRE,"96,000",2,"94,000",2021,"4,45500","4,90500","2,54000"
000000000242384,"CAFFE' DEL MARINAIO CL.200",8024158070151,13,LIQUORI,010,"AMARI E LIQUORI","15,000",2,"13,000",2021,"22,83500","25,12500","15,22300"
000000000242811,"RUM LEGENDARIO ELIXIR DE CUBA 7Y CL.70",8500000191026,8,RUM,032,DISTILLATI,"21,000",2,"19,000",2021,"20,00500","21,99500","13,33000"
000000000243004,"GRAPPA AMARONE OF BARRIQUE BONOLLO CENTENNIAL RESERVE CL.70 58,8° C/ASTUCCIO",8000672000515,5,GRAPPA,032,DISTILLATI,"0,000",0,"0,000",2021,"81,47500","89,61500","54,31000"
000000000243079,"RUM LEGENDARIO RON ANEJO 9 Y CL.70",8500000191033,8,RUM,032,DISTILLATI,"17,000",2,"15,000",2021,"23,28500","25,61500","15,52000"
000000000243485,"LIQUORE ALLA LIQUIRIZIA E PEPERONCINO LIK LI 25° CL.70 (FRANCOLI)",8003405005702,13,LIQUORI,010,"AMARI E LIQUORI","26,000",2,"24,000",2021,"13,07500","14,38500","7,46800"
000000000243836,"VINO SPUMANTE BRUT FASHION VICTIM 11°  CL.75 ASTORIA ///",8003905040517,00118,PROSECCO/SPUMANTE,033,BOLLICINE,"584,000",2,"582,000",2021,"4,12500","4,54500","3,10000"
000000000243837,"VINO SPUMANTE ROSE' BRUT FASHION VICTIM 11° CL.75 ASTORIA ///",8003905040746,00118,PROSECCO/SPUMANTE,033,BOLLICINE,"102,000",2,"100,000",2021,"4,12500","4,54500","3,10000"
000000000243870,"GIN CHASE GB WILLIAMS 40° CL.70",5060183131019,11,GIN,032,DISTILLATI,"0,000",0,"0,000",2021,"34,88500","38,37500","23,25000"
000000000243967,"LIQUORE PRINCIPIO ATTIVO 25° CL.70",8003405001001,13,LIQUORI,010,"AMARI E LIQUORI","4,000",0,"4,000",2021,"18,70500","20,58500","12,46000"
000000000244111,"CHAMPAGNE BILLECART-SALMON BRUT RESERVE CL.75 12°XXX",3113941213105,00116,CHAMPAGNE,033,BOLLICINE,"0,000",0,"0,000",2021,"31,80500","34,99500","26,80000"
000000000241585,"THE KING OF SOHO GIN 42° CL.70 ///",5060341581700,11,GIN,032,DISTILLATI,"0,000",0,"0,000",2021,"43,21500","47,54500","28,80900"
000000000241603,"BIRRA FLEA COSTANZA CHIARA SPECIALE  CL.75 ///",8056732800038,18,"BIRRA SPECIALE/ARTIGIANALE",014,BIRRE,"94,000",2,"92,000",2021,"5,53500","6,09500","3,16000"
000000000241607,"BIRRA FLEA FEDERICO II GOLDEN ALE CL.33 ///",8056732800052,18,"BIRRA SPECIALE/ARTIGIANALE",014,BIRRE,"85,000",2,"83,000",2021,"2,45500","2,70500","1,40000"
000000000241608,"BIRRA FLEA BIANCA LANCIA CL.33 ///",8056732800069,18,"BIRRA SPECIALE/ARTIGIANALE",014,BIRRE,"227,000",2,"225,000",2021,"2,45500","2,70500","1,40000"
000000000241780,"BELLAVISTA ALMA CUVEE FRANCIACORTA BRUT S/ASTUCCIO  12.5° CL.75 XXXX///",8032685710020,00119,FRANCIACORTA,033,BOLLICINE,"152,000",0,"152,000",2021,"24,75500","27,23500","18,61200"
000000000241971,"BARBERA D'ASTI CA' DI PIAN '10 CL.75  14° LA SPINETTA",8022252211050,15,"VINO ROSSO",009,VINI,"0,000",0,"0,000",2021,"15,16500","16,68500","11,40000"
000000000244447,"VINO PINOT NERO RED ANGEL 2018 CL.75 13° JERMANN ///",8033324038567,15,"VINO ROSSO",009,VINI,"6,000",0,"6,000",2021,"15,83500","17,42500","11,90000"
000000000244616,"CHAMPAGNE PHILIPPONNAT BRUT CL.75 12° C/ASTUCCIO XXXX",3370896011006,00116,CHAMPAGNE,033,BOLLICINE,"2,000",0,"2,000",2021,"31,57500","34,73500","26,57400"
000000000244719,"GIN OLD TOM HERNO 43° CL.50",7350064520079,11,GIN,032,DISTILLATI,"3,000",0,"3,000",2021,"48,75500","53,63500","32,50000"
000000000244747,"WHISKY CHIVAS REGAL EXTRA 40° CL.70 ///",5000299611104,9,WHISKY,032,DISTILLATI,"9,000",2,"7,000",2021,"28,20500","31,03500","21,20000"
000000000245007,"BIRRA FLEA FEDERICO II EXTRA IPA CL.75 ///",8056732800267,18,"BIRRA SPECIALE/ARTIGIANALE",014,BIRRE,"0,000",2,"-2,000",2021,"5,53500","6,09500","3,16000"
000000000245552,"FABBRI MARENDRY BITTER 21° CL.70",8001780000534,3,"APERITIVO ALCOLICO",013,APERITIVI,"3,000",2,"1,000",2021,"12,29500","13,53500","8,19200"
000000000245621,"BIRRA CERES BIO PILSNER 4,8° CC. 33 XXXX ///",5741000147979,18,"BIRRA SPECIALE/ARTIGIANALE",014,BIRRE,"-1,000",2,"-3,000",2021,"1,10500","1,22500","0,82900"
000000000245633,"AMARO IMPORTANTE JEFFERSON 30° CL.70 ///",8011701089623,10,AMARO,010,"AMARI E LIQUORI","3,000",2,"1,000",2021,"27,45500","30,20500","18,30000"
000000000245713,"WHISKY TALISKER SINGLE MALT 10Y CL.70  ///",5000281005416,9,WHISKY,032,DISTILLATI,"10,000",2,"8,000",2021,"30,68500","33,75500","24,54500"
000000000245727,"RUM BRUGAL 1888 40° LT. 0,7 C/ASTUCCIO",7460855230206,8,RUM,032,DISTILLATI,"7,000",2,"5,000",2021,"41,55500","45,71500","27,70000"
000000000245806,"NAPOLEON DILMOOR LT.2 ///",8004180176014,13,LIQUORI,010,"AMARI E LIQUORI","12,000",2,"10,000",2021,"13,97500","15,37500","10,50000"
000000000246360,"WHISKY JOHNNIE WALKER BLUE LABEL ROME EDITION 40° CL.70",5000267166209,9,WHISKY,032,DISTILLATI,"0,000",0,"0,000",2021,"190,28500","209,31500","126,85000"
000000000246506,"FEE BROTHERS 1864 RHUBARB BITTERS 150 ML. ///",791863140650,00115,"BITTER AROMATIZZANTI",013,APERITIVI,"1,000",2,"-1,000",2021,"21,31500","23,45500","14,20500"
000000000246507,"FEE BROTHERS 1864 CELERY BITTERS 150 ML. ///",791863140681,00115,"BITTER AROMATIZZANTI",013,APERITIVI,"1,000",2,"-1,000",2021,"21,23500","23,36500","14,15500"
000000000235803,"BOLS BLU CURACAO CL. 70 ///",8716000965226,13,LIQUORI,010,"AMARI E LIQUORI","29,000",2,"27,000",2021,"10,11500","11,13500","6,74000"
000000000235884,"RUM PAMPERO ORO CL. 70 ///",5010103923422,8,RUM,032,DISTILLATI,"6,000",2,"4,000",2021,"18,53500","20,38500","13,93000"
000000000236071,"BOLS CREMA CACAO BIANCA CL. 70 XXXXX ///",8716000964960,13,LIQUORI,010,"AMARI E LIQUORI","16,000",2,"14,000",2021,"10,35500","11,39500","6,90000"
000000000236658,"MARSALA FINE I.P. LILIBEO",8000376008503,13,LIQUORI,010,"AMARI E LIQUORI","14,000",2,"12,000",2021,"5,33500","5,87500","3,55000"
000000000236781,"CREOLA BELLINI CL.50",8007525102006,13,LIQUORI,010,"AMARI E LIQUORI","11,000",2,"9,000",2021,"3,91500","4,31500","2,93600"
000000000238102,"GENZIANA EVANGELISTA CL. 100",8008255141532,13,LIQUORI,010,"AMARI E LIQUORI","241,000",2,"239,000",2021,"10,85500","11,94500","8,15500"
000000000238353,"AMARO RAMAZZOTTI LT.1 ///",8006550302016,10,AMARO,010,"AMARI E LIQUORI","30,000",2,"28,000",2021,"14,68500","16,15500","11,03800"
000000000238370,"VINO ROSSO CIVITAS LT.1 COLONNELLA",8010702000521,15,"VINO ROSSO",009,VINI,"68,000",2,"66,000",2021,"1,57500","1,73500","1,18000"
000000000238683,"AMARO BRAULIO CL.100 ///",8007010000503,10,AMARO,010,"AMARI E LIQUORI","8,000",2,"6,000",2021,"15,91500","17,51500","11,96200"
000000000238802,"MARZADRO MELI' VERDE CL.70 ///",80277613,13,LIQUORI,010,"AMARI E LIQUORI","9,000",2,"7,000",2021,"12,16500","13,38500","9,14500"
000000000247016,"CANTINE DI SORBARA SPUMANTE PIGNOLETTO DOP CL.75 ///",8028338468042,00118,PROSECCO/SPUMANTE,033,BOLLICINE,"2,000",2,"0,000",2021,"2,82500","3,11500","2,12400"
000000000247018,"VINO PIGNOLETTO DOCG SUPERIORE CL.75 CANTINE DI SORBARA  ///",8028338990567,00120,"VINO SPUMANTIZZATO",009,VINI,"210,000",2,"208,000",2021,"4,38500","4,82500","2,50200"
000000000247019,"VINO ROSSO BOLOGNA DOC CL.75 CANTINE DI SORBARA  ///",8028338468875,15,"VINO ROSSO",009,VINI,"230,000",2,"228,000",2021,"4,41500","4,86500","2,52000"
000000000247160,"BIRRA CHRYSOPOLIS 2015 CL.33 DUCATO",8033695263179,18,"BIRRA SPECIALE/ARTIGIANALE",014,BIRRE,"10,000",2,"8,000",2021,"6,40500","7,05500","3,65800"
000000000247212,"RUM VARADERO SILVER DRY 38° LT.1",8500000007792,8,RUM,032,DISTILLATI,"0,000",2,"-2,000",2021,"10,67500","11,74500","8,01900"
000000000247607,"BERTA AMARO D'ERBE IL 28 DI VIA SAN NICOLAO CL.70 C/ASTUCCIO",8033028701767,10,AMARO,010,"AMARI E LIQUORI","4,000",2,"2,000",2021,"23,31500","25,65500","15,54000"
000000000247699,"WHISKY LAPHROAIG SELECT CL.70",5010019637604,9,WHISKY,032,DISTILLATI,"8,000",2,"6,000",2021,"26,33500","28,97500","21,06400"
000000000242669,"FABBRI TOPPING ARANCIA GR.950 ///",8001780530277,00121,TOPPING,011,SCIROPPI/TOPPING,"3,000",2,"1,000",2021,"7,84500","8,61500","5,22000"
000000000242751,"RUM SAILOR JERRY CL.70",5010327405223,8,RUM,032,DISTILLATI,"0,000",2,"-2,000",2021,"13,51500","14,87500","10,16000"
000000000242824,"GRAPPA FRATTINA FUMO DI ROVERE CL.70 ///",8000400015569,5,GRAPPA,032,DISTILLATI,"26,000",2,"24,000",2021,"12,58500","13,84500","9,45800"
000000000242883,"DE KUYPER TRIPLE SEC CL.70",871062552703,13,LIQUORI,010,"AMARI E LIQUORI","54,000",2,"52,000",2021,"12,14500","13,36500","8,09500"
000000000239249,"CHAMPAGNE BELLE EPOQUE CL.75 PERRIER JOUET",3113880104212,00116,CHAMPAGNE,033,BOLLICINE,"7,000",2,"5,000",2021,"137,24500","150,97500","91,49400"
000000000239486,"ALCHERMES BELLINI/DILMOR CL.70",8007225002002,13,LIQUORI,010,"AMARI E LIQUORI","0,000",2,"-2,000",2021,"4,12500","4,54500","3,10000"
000000000239487,"GENZIANA EVANGELISTA CL. 150",8008255141549,13,LIQUORI,010,"AMARI E LIQUORI","107,000",2,"105,000",2021,"15,43500","16,98500","11,59900"
000000000239604,"PUNCH KINGSTON CL.100 EVANGELISTA",8008255193333,4,PUNCH,010,"AMARI E LIQUORI","39,000",2,"37,000",2021,"12,51500","13,77500","8,34000"
000000000239664,"VINO FALERIO DOC  CL.75 LACANOSAXXXX ///",8033286670089,14,"VINO BIANCO",009,VINI,"123,000",2,"121,000",2021,"3,46500","3,81500","2,60000"
000000000240236,"ROSSO ANTICO LT.1 ///",8000060410155,13,LIQUORI,010,"AMARI E LIQUORI","0,000",2,"-2,000",2021,"15,69500","17,27500","11,80000"
000000000240394,"MARZADRO LIQUORE MOLTO FICO CL.70",80344186,13,LIQUORI,010,"AMARI E LIQUORI","2,000",2,"0,000",2021,"11,97500","13,17500","7,97640"
000000000247898,"AMARO JAGERMEISTER MANIFEST LT. 1 ///",4067700019431,10,AMARO,010,"AMARI E LIQUORI","9,000",0,"9,000",2021,"39,43500","43,38500","29,64400"
000000000243766,"MARASCHINO LUXARDO 32° CL.70",8000353006157,13,LIQUORI,010,"AMARI E LIQUORI","15,000",2,"13,000",2021,"16,73500","18,41500","11,15000"
000000000243810,"DE KUYPER CREMA CACAO CL. 70 ///",8710625508912,13,LIQUORI,010,"AMARI E LIQUORI","2,000",2,"0,000",2021,"9,84500","10,82500","6,55000"
000000000243920,"LIQUORE DI PINO MUGO 35° CL.70 ///",8011701089364,13,LIQUORI,010,"AMARI E LIQUORI","9,000",0,"9,000",2021,"17,74500","19,50500","11,82000"
000000000248463,"MARZADRO INFUSIONE FIENO 40° CL.70",8004009003019,13,LIQUORI,010,"AMARI E LIQUORI","6,000",0,"6,000",2021,"24,97500","27,47500","16,64300"
000000000249144,"WHISKY JOHNNIE WALKER GHOST PORT ELLEN CL.70",5000267171852,9,WHISKY,032,DISTILLATI,"0,000",0,"0,000",2021,"333,23500","366,56500","222,15000"
000000000249338,"WHISKY JAMESON CASKMATES CL.70 IPA EDITION ///",5011007025960,9,WHISKY,032,DISTILLATI,"5,000",2,"3,000",2021,"20,30500","22,34500","13,53000"
000000000249339,"SAMBUCA RAMAZZOTTI 38° LT.1",8006550317294,13,LIQUORI,010,"AMARI E LIQUORI","5,000",2,"3,000",2021,"20,07500","22,08500","13,38200"
000000000242569,"BOLS CREMA CASSIS CL.70 ///",8716000964922,13,LIQUORI,010,"AMARI E LIQUORI","9,000",2,"7,000",2021,"9,75500","10,73500","6,50000"
000000000250343,"WHISKY PITTYVAICH 29Y SPECIAL RELEASE 2019 C/AST.",5000281059280,9,WHISKY,032,DISTILLATI,"1,000",0,"1,000",2021,"365,82500","402,41500","243,88000"
000000000250847,"CHAMPAGNE VEUVE CLICQUOT VINTAGE 2012 CL.75 C/ASTUCCIO",3049614187360,00116,CHAMPAGNE,033,BOLLICINE,"3,000",0,"3,000",2021,"70,75500","77,83500","50,53800"
000000000250849,"CHAMPAGNE MOET & CHANDON ROSE' IMPERIAL LIMITED EDITION CL. 75 12° C/ASTUCCIO XXX",3185370691588,00116,CHAMPAGNE,033,BOLLICINE,"8,000",0,"8,000",2021,"55,66500","61,23500","39,75800"
000000000250854,"CHAMPAGNE RUINART ROSE' CL.75 12,5° C/ASTUCCIO JACKET TERMICO",3185370712016,00116,CHAMPAGNE,033,BOLLICINE,"3,000",0,"3,000",2021,"77,12500","84,84500","55,08800"
000000000251012,"RUM JAMAICA APPLETON ESTATE 1995 63° HEARTS COLLECTION CL.70 C/ASTUCCIO",8000207029752,8,RUM,032,DISTILLATI,"1,000",0,"1,000",2021,"201,93500","222,13500","134,62000"
000000000240701,"CHAMPAGNE VEUVE CLICQUOT MAGNUM LT.1,5 C/ASTUCCIO XXX",3049614084102,00116,CHAMPAGNE,033,BOLLICINE,"9,000",2,"7,000",2021,"105,00500","115,51500","75,00000"
000000000240702,"CHAMPAGNE VEUVE CLICQUOT LA GRANDE DAME CL.75 C/ASTUCCIO",3049614127519,00116,CHAMPAGNE,033,BOLLICINE,"2,000",0,"2,000",2021,"131,16500","144,28500","87,44000"
000000000240707,"CHAMPAGNE RUINART DE RUINART CL.150 C/ASTUCCIO",3185370288641,00116,CHAMPAGNE,033,BOLLICINE,"3,000",0,"3,000",2021,"124,29500","136,73500","88,78000"
000000000240800,"GRAPPA VITE D'ORO BARRIQUE CL.70 BEPI TOSOLINI",8009440004007,5,GRAPPA,032,DISTILLATI,"2,000",2,"0,000",2021,"19,42500","21,36500","9,70500"
000000000241119,"FERRARI MAXIMUM BRUT CL.75  (C/ASTUCCIO) ///",,00117,"TRENTO DOC",033,BOLLICINE,"-2,000",0,"-2,000",2021,"16,82500","18,51500","12,64500"
000000000241436,"LIQUORE ALLA LIQUIRIZIA LIQUORICE CAFFO CL.50",8004499500593,13,LIQUORI,010,"AMARI E LIQUORI","13,000",2,"11,000",2021,"11,69500","12,86500","8,79000"
000000000241481,"FERRARI PERLE' ROSE' CL.150 C/ASTUCCIO XXX",8007355012865,00117,"TRENTO DOC",033,BOLLICINE,"0,000",0,"0,000",2021,"69,00500","75,91500","44,32000"
000000000244208,"BIRRA ST. STEFANUS 7° CL.33",5411663060020,18,"BIRRA SPECIALE/ARTIGIANALE",014,BIRRE,"26,000",2,"24,000",2021,"2,33500","2,57500","1,55000"
000000000244733,"WHISKY LAGAVULIN CL.70 8Y ///",5000281045160,9,WHISKY,032,DISTILLATI,"2,000",2,"0,000",2021,"56,36500","61,99500","37,57000"
000000000245008,"BIRRA FLEA ISABELLA GLUTEN FREE 4,9° CL.33 ///",8056732800335,18,"BIRRA SPECIALE/ARTIGIANALE",014,BIRRE,"39,000",2,"37,000",2021,"2,45500","2,70500","1,40000"
000000000245459,"GIN LONDON DRY BLOOM 40° CL.70 ///",5010296169249,11,GIN,032,DISTILLATI,"1,000",0,"1,000",2021,"26,43500","29,08500","17,62000"
000000000251302,"WHISKY HIGHLAND PARK CL.5 18Y",5010314026608,9,WHISKY,032,DISTILLATI,"0,000",0,"0,000",2021,"15,35500","16,89500","10,23000"
000000000251344,"WHISKY BULLEIT BOURBON 45° CL.70",082000789611,9,WHISKY,032,DISTILLATI,"0,000",0,"0,000",2021,"18,99500","20,90500","12,66000"
000000000251442,"WHISKY TRIPLE CASK IRISH BUSKER 80 PROOF 40° CL.70",8001110596034,9,WHISKY,032,DISTILLATI,"3,000",2,"1,000",2021,"17,10500","18,82500","11,40200"
000000000251566,"BIRRA FLEA IMPERIAL RED ALE SUPERNOVA LATTINA CL.33 ///",8056732800922,18,"BIRRA SPECIALE/ARTIGIANALE",014,BIRRE,"169,000",0,"169,000",2021,"2,45500","2,70500","1,40000"
000000000251690,"GIN THE ILLUSIONIST 45° CL.50",4260642250010,11,GIN,032,DISTILLATI,"57,000",0,"57,000",2021,"33,40500","36,75500","25,11000"
000000000251691,"MARZADRO GRAPPA FORTE TERODELGO E MARZEMINO CL.70 50°",8004009004917,5,GRAPPA,032,DISTILLATI,"2,000",0,"2,000",2021,"20,75500","22,83500","15,59800"
000000000251727,"VINO MONTEFALCO ROSSO 2018 CL.75 14,5° ARNALDO CAPRAI",8019787014867,15,"VINO ROSSO",009,VINI,"7,000",2,"5,000",2021,"8,65500","9,52500","6,50000"
000000000251732,"BIRRA ALHAMBRA RESERVA ROJA/ROSSA 7,2° CL.33",8413681305746,18,"BIRRA SPECIALE/ARTIGIANALE",014,BIRRE,"315,000",2,"313,000",2021,"1,26500","1,39500","0,84100"
000000000251797,"VINO MARZEMINO TRENTINO 2018 CL.75 13,5° BATTISTOTTI",8003034340243,15,"VINO ROSSO",009,VINI,"3,000",2,"1,000",2021,"10,91500","12,01500","8,20000"
000000000251804,"VINO CIVITELLA D'AGLIANO IGT GRECHETTO 2019 CL.75 14° POGGIO DELLA COSTA",8020359003448,14,"VINO BIANCO",009,VINI,"4,000",2,"2,000",2021,"13,30500","14,64500","10,00000"
000000000251815,"DE KUYPER APRICOT BRANDY CL. 70 ///",8710625402708,13,LIQUORI,010,"AMARI E LIQUORI","3,000",2,"1,000",2021,"9,89500","10,89500","6,59200"
000000000251838,"VINO VERDICCHIO DI MATELICA BRUT CUVEE NADIR 12,5° CL.75 BELISARIO",8007182000363,00118,PROSECCO/SPUMANTE,009,VINI,"32,000",0,"32,000",2021,"4,66500","5,13500","3,50000"
000000000251843,"VINO CHARDONNAY VIE DI ROMANS 2019 CL.75 14° VIE DI ROMANS",8032625753636,14,"VINO BIANCO",009,VINI,"18,000",0,"18,000",2021,"19,10500","21,02500","14,36200"
000000000251906,"LUCANO CORDIAL CAFE' 26° LT.1",8005240972959,10,AMARO,010,"AMARI E LIQUORI","4,000",2,"2,000",2021,"15,26500","16,79500","10,17000"
000000000251913,"RUM DON PAPA SMALL BATCH MT.KANLAON METALLICO CL.70 40° C/ASTUCCIO ///",4809015157114,8,RUM,032,DISTILLATI,"6,000",0,"6,000",2021,"37,97500","41,77500","25,31000"
000000000251915,"L'AMARO DIGESTIVO RUPES 28° CL.70",8001982021146,10,AMARO,010,"AMARI E LIQUORI","9,000",2,"7,000",2021,"19,17500","21,09500","12,78000"
000000000251977,"WILD TURKEY LONGBRANCH CL.70 43°///",0721059003087,9,WHISKY,032,DISTILLATI,"5,000",0,"5,000",2021,"33,17500","36,49500","22,11600"
000000000251978,"VINO ROSATO COSTA D'AMALFI 2019 CL.75 13,5 MARISA CUOMO",8033829280362,97,"VINO ROSATO",009,VINI,"3,000",2,"1,000",2021,"12,10500","13,32500","9,10000"
000000000251987,"VINO MALVASIA ISTRIANA DOC 2020 CL.75 12° PITARS ///",8032927221185,14,"VINO BIANCO",009,VINI,"30,000",2,"28,000",2021,"5,69500","6,27500","3,25000"
000000000252024,"VINO FALERIO PECORINO BIOLOGICO 2019 CL.75 13° SILVESTRONI",8011822008725,14,"VINO BIANCO",009,VINI,"25,000",2,"23,000",2021,"7,16500","7,88500","4,09100"
000000000252027,"VINO PASSERINA TRAVANESCA 2020 CL.37,5 SILVESTRONI",8011822009807,14,"VINO BIANCO",009,VINI,"11,000",2,"9,000",2021,"3,34500","3,68500","1,91000"
000000000252055,"VINO VERMENTINO VT VENDEMMIA TARDIVA 2018 CL.75 14° CAPICHERA",8032568670021,14,"VINO BIANCO",009,VINI,"6,000",0,"6,000",2021,"45,22500","49,75500","34,00000"
000000000252241,"RUM SOUTH AFRICA MHOBA 2017 4Y CL.70 C/ASTUCCIO",3700597354001,8,RUM,032,DISTILLATI,"1,000",0,"1,000",2021,"71,15500","78,27500","47,43000"
000000000252358,"MONTELOBOS ENSAMBLE 45,3° CL.70",7503018819440,00113,MEZCAL/PISCO/CACHACA,032,DISTILLATI,"6,000",0,"6,000",2021,"45,22500","49,75500","30,14400"
10753,"RUM MATUSALEM 7Y",0766094050054,8,RUM,032,DISTILLATI,"11,000",2,"9,000",2021,"14,90500","16,40500","11,20000"
1299,"MARIE BRIZARD PARFAIT AMOUR CL.70",3041312180704,13,LIQUORI,010,"AMARI E LIQUORI","1,000",2,"-1,000",2021,"8,27500","8,27500","5,51000"
149,"GRAPPA DI PROSECCO GOCCIA BOTTEGA CL.20",8000440373353,5,GRAPPA,032,DISTILLATI,"4,000",2,"2,000",2021,"5,50500","6,05500","3,66700"
1591,"WHISKY JOHNNIE WALKER RED LT.1 ///",5000267013602,9,WHISKY,032,DISTILLATI,"27,000",2,"25,000",2021,"17,16500","18,88500","12,90000"
1602,"WHISKY TALISKER SINGLE MALT CL.70 SKYE ///",5000281005416,9,WHISKY,032,DISTILLATI,"6,000",2,"4,000",2021,"30,44500","33,49500","24,35000"
1609,"WHISKY CAOL ILA 12 Y CL.70",5000281016290,9,WHISKY,032,DISTILLATI,"8,000",2,"6,000",2021,"36,58500","40,24500","27,50000"
1641,"WHISKY J&B LT.1",5010103800457,9,WHISKY,032,DISTILLATI,"23,000",2,"21,000",2021,"16,48500","18,13500","12,39000"
1646,"WHISKY ARDBEG 10 Y.O. CL. 70",5010106112803,9,WHISKY,032,DISTILLATI,"7,000",2,"5,000",2021,"40,30500","44,34500","30,30000"
1666,"WHISKY GLENFIDDICH LT.1 LATTA 12Y",5010327302201,9,WHISKY,032,DISTILLATI,"12,000",2,"10,000",2021,"31,85500","35,04500","23,94500"
1685,"WHISKY CANADIAN CLUB CL. 70",080686816072,9,WHISKY,032,DISTILLATI,"4,000",2,"2,000",2021,"10,91500","12,01500","8,20000"
1698,"RUM BACARDI BIANCO LT.1 ///",5010677012850,8,RUM,032,DISTILLATI,"69,000",2,"67,000",2021,"14,36500","15,80500","10,80000"
1724,"WHISKY IRISH MIST CL.70 ///",5011019100037,9,WHISKY,032,DISTILLATI,"5,000",2,"3,000",2021,"16,04500","17,65500","12,06000"
1750,"TIA MARIA CL.70",5012523233129,13,LIQUORI,010,"AMARI E LIQUORI","11,000",2,"9,000",2021,"13,94500","15,34500","10,48330"
2138,"BITTER CAMPARI CL.100 ///",3057770000805,3,"APERITIVO ALCOLICO",013,APERITIVI,"1476,000",2,"1474,000",2021,"12,72500","14,63500","11,56300"
000000000245630,"VINO BIANCO DI RUSCIO LT.3 PET",8059617330019,14,"VINO BIANCO",009,VINI,"54,000",2,"52,000",2021,"5,51500","6,07500","3,15000"
000000000245877,"X RATED FUSION LIQUEUR CL.100 ///",8002230340934,13,LIQUORI,010,"AMARI E LIQUORI","4,000",2,"2,000",2021,"30,15500","33,17500","20,10000"
000000000245920,"BIRRA TONGERLO PRIOR CL.33 HAACHT ///",54085052,18,"BIRRA SPECIALE/ARTIGIANALE",014,BIRRE,"390,000",2,"388,000",2021,"2,18500","2,40500","1,24700"
000000000246126,"WHISKY NIKKA FROM THE BARREL 51,4° CL.50 BLEND",3700597302378,9,WHISKY,032,DISTILLATI,"0,000",2,"-2,000",2021,"43,52500","47,88500","29,01000"
000000000246227,"CHAMPAGNE LAURENT PERRIER CUVEE' ROSE' CL.75 12° JACKET XXX",084878157004,00116,CHAMPAGNE,033,BOLLICINE,"24,000",0,"24,000",2021,"53,19500","58,52500","48,19500"
000000000246426,"CHAMPAGNE BOLLINGER CL.75 C/ASTUCCIO XXX",3052853077682,00116,CHAMPAGNE,033,BOLLICINE,"6,000",0,"6,000",2021,"38,50500","42,36500","33,50000"
000000000246459,"VINO METODO CLASSICO ABRUZZO DOC CL.75 CARMINE FESTA LEGONZIANO",8032222005688,00118,PROSECCO/SPUMANTE,033,BOLLICINE,"2,000",2,"0,000",2021,"12,25500","13,48500","7,00000"
000000000246482,"CHARTREUSE GIALLO CL. 70",3023480120706,13,LIQUORI,010,"AMARI E LIQUORI","8,000",2,"6,000",2021,"27,93500","30,73500","21,00000"
000000000246561,"VINO ROSSO BAG IN BOX 10 LT DI RUSCIO",8059617330347,15,"VINO ROSSO",009,VINI,"21,000",2,"19,000",2021,"17,50500","19,26500","10,00000"
000000000241843,"PUNCH MANDARINO LT.1 MOCCIA",8008005021060,4,PUNCH,010,"AMARI E LIQUORI","31,000",2,"29,000",2021,"14,33500","15,77500","9,55000"
000000000241887,"VINO SEGRETA ROSSO R.13 CL.75 PLANETA 13°",8020735007008,15,"VINO ROSSO",009,VINI,"0,000",2,"-2,000",2021,"5,56500","6,12500","4,18000"
000000000242010,"BIRRA FLEA NOEL LT.0,75 C/CONFEZIONE",8056732800236,18,"BIRRA SPECIALE/ARTIGIANALE",014,BIRRE,"5,000",2,"3,000",2021,"8,40500","9,25500","5,60000"
000000000242324,"BIRRA DOLOMITI PILS CL.33 ///",8023400106631,18,"BIRRA SPECIALE/ARTIGIANALE",014,BIRRE,"179,000",2,"177,000",2021,"1,16500","1,28500","0,66400"
000000000242383,"CAFFE' DEL MARINAIO CL.70",8024158070137,13,LIQUORI,010,"AMARI E LIQUORI","41,000",2,"39,000",2021,"9,54500","10,50500","6,36000"
000000000242480,"KOCO'S LIQUORE MARZADRO",8004009001893,13,LIQUORI,010,"AMARI E LIQUORI","2,000",2,"0,000",2021,"16,13500","17,75500","10,75200"
2657,"AMARO AVERNA LT.1 ///",8000400001111,10,AMARO,010,"AMARI E LIQUORI","83,000",2,"81,000",2021,"14,05500","16,16500","11,70800"
2662,"GRAPPA FRATTINA CHARDONNAY CL.70 ///",8000400005522,5,GRAPPA,032,DISTILLATI,"66,000",2,"64,000",2021,"11,05500","12,16500","8,30500"
3,"LIQUORE MANDARANCIO",80220749,13,LIQUORI,010,"AMARI E LIQUORI","-18,000",2,"-20,000",2021,"8,32500","9,14500","4,75000"
3018,"CHINA MARTINI CL.70 ///",8000570568704,10,AMARO,010,"AMARI E LIQUORI","42,000",2,"40,000",2021,"10,95500","12,05500","7,30000"
3086,"PUNCH CREOLA  MELETTI CL.70",8000650801016,4,PUNCH,010,"AMARI E LIQUORI","27,000",2,"25,000",2021,"9,04500","9,95500","6,02600"
394,"WHISKY GLENLIVET 12Y LT.1",,9,WHISKY,032,DISTILLATI,"11,000",2,"9,000",2021,"29,39500","32,33500","22,10000"
3944,"AURUM ML.700",800110001415,13,LIQUORI,010,"AMARI E LIQUORI","0,000",2,"-2,000",2021,"17,02500","18,73500","12,80000"
3953,"AMARETTO DISARONNO CL.100 ///",8001110016341,10,AMARO,010,"AMARI E LIQUORI","39,000",2,"37,000",2021,"19,23500","21,16500","15,38300"
400,"WHISKY GLEN GRANT LT.1 ///",0080432402986,9,WHISKY,032,DISTILLATI,"14,000",2,"12,000",2021,"16,73500","18,41500","12,57500"
4875,"PUNCH RUM BARBIERI LT.1",8008005021527,4,PUNCH,010,"AMARI E LIQUORI","33,000",2,"31,000",2021,"13,05500","14,36500","8,70000"
4901,"AMARO JAGERMEISTER LT. 1 ///",8002250800043,10,AMARO,010,"AMARI E LIQUORI","211,000",2,"209,000",2021,"15,08500","16,59500","12,06600"
4919,"RUM BARBANCOURT 3 STELLE 4Y CL.70 HAITI",8002290230015,8,RUM,032,DISTILLATI,"6,000",2,"4,000",2021,"23,10500","25,42500","15,40000"
6411,"AMARO BRANCAMENTA LT. 1 ///",8004400021315,10,AMARO,010,"AMARI E LIQUORI","33,000",2,"31,000",2021,"14,42500","16,59500","12,53500"
6416,"CAFFE' SPORT LT. 1 XXXXX ///",8004400007128,13,LIQUORI,010,"AMARI E LIQUORI","107,000",2,"105,000",2021,"12,09500","13,91500","9,67200"
6649,"AMARO LUCANO LT. 1",8005240000027,10,AMARO,010,"AMARI E LIQUORI","27,000",2,"25,000",2021,"11,26500","12,39500","8,66100"
7165,"MARASCHINO SAN GIORGIO CL100 DE LUXE",8007525115907,13,LIQUORI,010,"AMARI E LIQUORI","6,000",2,"4,000",2021,"6,50500","7,16500","4,34000"
7224,"ANICE FORTE BELLINI LT.2",8007525102808,13,LIQUORI,010,"AMARI E LIQUORI","13,000",2,"11,000",2021,"14,96500","16,46500","11,25100"
7229,"NAPOLEON TRE STELLE BELLINI  LT.2",8007525104109,13,LIQUORI,010,"AMARI E LIQUORI","28,000",2,"26,000",2021,"13,51500","14,87500","10,16100"
7310,"AMARO UNICUM LT. 1 ///",8007973008387,10,AMARO,010,"AMARI E LIQUORI","130,000",2,"128,000",2021,"15,19500","16,72500","11,41800"
7862,"CAFFE' MOKA VARNELLI LT.1",80114642,13,LIQUORI,010,"AMARI E LIQUORI","24,000",2,"22,000",2021,"17,15500","18,87500","12,89100"
8534,"LIQUORE STREGA Cl.70",80220725,13,LIQUORI,010,"AMARI E LIQUORI","7,000",2,"5,000",2021,"12,10500","13,32500","9,10000"
8833,"GRAPPA PRIME UVE BIANCA CL.70 ///",8002394007315,5,GRAPPA,032,DISTILLATI,"37,000",2,"35,000",2021,"19,95500","21,95500","15,00000"
000000000246848,"LIQUORE F.LLI VENA MIRTO 30° CL.70",8005240972300,13,LIQUORI,010,"AMARI E LIQUORI","4,000",2,"2,000",2021,"13,17500","14,49500","8,78000"
000000000247017,"CANTINE DI SORBARA SPUMANTE PIGNOLETTO DOCG CL.75 ///",8028338990321,00118,PROSECCO/SPUMANTE,033,BOLLICINE,"160,000",2,"158,000",2021,"4,65500","5,12500","2,65400"
000000000247061,"BIRRA FLEA  APA ADELAIDE CL.33 ///",8056732800601,18,"BIRRA SPECIALE/ARTIGIANALE",014,BIRRE,"1,000",2,"-1,000",2021,"2,56500","2,82500","1,46000"
000000000247154,"BIRRA VERDI IMPERIAL STOUT CL.33 DUCATO",8033695260208,18,"BIRRA SPECIALE/ARTIGIANALE",014,BIRRE,"28,000",2,"26,000",2021,"3,47500","3,82500","1,98500"
000000000247158,"BIRRA WINTERLUDE CL.33 DUCATO",8033695263094,18,"BIRRA SPECIALE/ARTIGIANALE",014,BIRRE,"4,000",2,"2,000",2021,"3,29500","3,63500","1,88100"
000000000247169,"RUM CARONI NAVY RUM PROOF 51,4° CL.70",XXXXXX,8,RUM,032,DISTILLATI,"2,000",2,"0,000",2021,"206,67500","227,34500","137,78000"
000000000247173,"BITTER BIANCO ROUGE 25° LT.1",8055731570393,3,"APERITIVO ALCOLICO",013,APERITIVI,"3,000",2,"1,000",2021,"22,77500","25,05500","15,18000"
000000000247297,"WHISKY CUTTY SARK PROHIBITION 50° CL.70",5010504100309,9,WHISKY,032,DISTILLATI,"8,000",2,"6,000",2021,"24,28500","26,71500","18,25200"
000000000247550,"FLOKI ICELANDIC YOUNG MALT 47° CL.50",5694310860031,9,WHISKY,032,DISTILLATI,"1,000",2,"-1,000",2021,"56,01500","61,62500","37,34000"
000000000243691,"FABBRI TOPPING GOLD PISTACCHIO GR.850",8001780122021,00121,TOPPING,011,SCIROPPI/TOPPING,"4,000",2,"2,000",2021,"21,66500","23,83500","16,28500"
000000000243786,"LIQUORE AL SAMBUCO B4HUGO 20° CL.70 ///",8003405006297,13,LIQUORI,010,"AMARI E LIQUORI","73,000",2,"71,000",2021,"14,51500","15,97500","10,90900"
000000000243858,"RUM HAVANA CLUB 7 Y ANEJO LT.1 ///",8501110080453,8,RUM,032,DISTILLATI,"121,000",2,"119,000",2021,"25,43500","27,98500","19,12000"
000000000244002,"VODKA ABSOLUT LIMONE LT. 1 ///",7312040090105,7,VODKA,032,DISTILLATI,"4,000",2,"2,000",2021,"17,90500","19,70500","13,46000"
000000000244045,"VINO RIBOLLA GIALLA BRUT CL.75 PITARS ///",8032927221130,00120,"VINO SPUMANTIZZATO",009,VINI,"59,000",2,"57,000",2021,"6,13500","6,75500","3,50000"
000000000244105,"VINO CERASUOLO CL.75 VIGNEFOLLI ///",8006888916176,97,"VINO ROSATO",009,VINI,"0,000",2,"-2,000",2021,"3,40500","3,75500","1,94400"
000000000248192,"APERITIVO SELECT 17,5° CL.100 ///",80043683,3,"APERITIVO ALCOLICO",013,APERITIVI,"12,000",2,"10,000",2021,"11,92500","13,12500","8,96000"
000000000248412,"VINO CHARDONNAY CL.75 LIVIO FELLUGA",8030421004808,14,"VINO BIANCO",009,VINI,"66,000",2,"64,000",2021,"14,63500","16,10500","11,00000"
000000000248465,"AMARO MARZADRO 30° CL.70",8004009001008,10,AMARO,010,"AMARI E LIQUORI","9,000",0,"9,000",2021,"21,00500","23,11500","14,00200"
000000000249043,"FRANCOLI ASTUCCIO LEGNO GIN-VERMOUTH-VODKA-AMARO CL.20 VALDOTAINE",XXXXXX,13,LIQUORI,010,"AMARI E LIQUORI","0,000",0,"0,000",2021,"47,33500","52,07500","31,55500"
000000000249128,"CHAMPAGNE PHILIPPONNAT 1522 EXTRA BRUT 2009 CL.75  12° C/ASTUCCIO XXXX",3370896018005,00116,CHAMPAGNE,033,BOLLICINE,"0,000",0,"0,000",2021,"89,66500","98,63500","59,77000"
000000000249261,"AMARO RABARBARO ZUCCA RISERVA CL.70",8001110130306,10,AMARO,010,"AMARI E LIQUORI","20,000",2,"18,000",2021,"14,07500","15,48500","10,58100"
000000000249842,"VINO ROSSO CURTEFRANCA DOC MANDOLA CL.75 F.LLI BERLUCCHI",8000583000345,15,"VINO ROSSO",009,VINI,"0,000",2,"-2,000",2021,"5,99500","6,60500","4,50000"
000000000250347,"CALVADOS DROUIN EXPRESSION 2011 MILLESIME FUT DE TOKAY CL.70 45°",xxxxxx,00112,ACQUAVITE,032,DISTILLATI,"1,000",0,"1,000",2021,"58,97500","64,87500","39,31000"
000000000244471,"CHAMPAGNE RUINART DE RUINART CL.75 XXX",3185370283905,00116,CHAMPAGNE,033,BOLLICINE,"8,000",0,"8,000",2021,"39,95500","43,95500","34,95000"
000000000244575,"WHISKY CRAGGANMORE 12Y CL.70",5000281005430,9,WHISKY,032,DISTILLATI,"8,000",2,"6,000",2021,"48,23500","53,05500","32,15000"
000000000244576,"WHISKY GLENLIVET 15 Y  CL.70",5000299295021,9,WHISKY,032,DISTILLATI,"10,000",2,"8,000",2021,"38,70500","42,57500","25,80000"
000000000244578,"WHISKY CUTTY SARK 40° CL.70",5010504100095,9,WHISKY,032,DISTILLATI,"15,000",2,"13,000",2021,"11,17500","12,29500","8,40000"
000000000244999,"VINO BIANCO CL.25 11° LA CACCIATORA",2005700,14,"VINO BIANCO",009,VINI,"25,000",0,"25,000",2021,"0,73500","0,81500","0,54900"
000000000245006,"BIRRA FLEA FEDERICO II EXTRA IPA CL.33 ///",8056732800281,18,"BIRRA SPECIALE/ARTIGIANALE",014,BIRRE,"86,000",2,"84,000",2021,"2,45500","2,70500","1,40000"
000000000250439,"MARZADRO INFUSIONE CORRETTO 40° CL.70",8004009004221,13,LIQUORI,010,"AMARI E LIQUORI","6,000",0,"6,000",2021,"24,42500","26,87500","16,28100"
000000000250530,"VINO NOVELLO IGT CL.75 13° VELENOSI ///",8025127001060,15,"VINO ROSSO",009,VINI,"10,000",2,"8,000",2021,"4,60500","5,07500","3,46100"
000000000250830,"VINO BLANC DE BLANCS CONCA DEL RIU ANOIA RAVENTOS CL.75 12° 2017 CERETTO",8421478750150,16,BOLLICINE,033,BOLLICINE,"10,000",2,"8,000",2021,"18,49500","20,35500","13,90000"
000000000250942,"BITTER AST'UP ROSE'SPRITZ LT.1 CL.75 11° ASTORIA",8003905045567,3,"APERITIVO ALCOLICO",013,APERITIVI,"22,000",2,"20,000",2021,"7,85500","8,64500","5,90000"
000000000250961,"CHAMPAGNE VEUVE CLICQUOT S.P.B. CL.75 XXXX ICE JACKET ARANCIONE ///",3049614178979,00116,CHAMPAGNE,033,BOLLICINE,"3,000",2,"1,000",2021,"53,34500","58,68500","38,09600"
000000000251000,"RUM NATURAL ZAKA EL SALVADOR LIMITED EDITION 42° CL.70 C/ASTUCCIO",8712436141814,8,RUM,032,DISTILLATI,"1,000",0,"1,000",2021,"62,69500","68,97500","41,79000"
000000000251301,"WHISKY JAPANESE THE KURAYOSHI 12 YEARS 43° CL.70 MATSUI",4954621000993,9,WHISKY,032,DISTILLATI,"3,000",0,"3,000",2021,"143,63500","158,00500","95,75400"
000000000251567,"BIRRA FLEA INDIA PALE ALE ECLISSE LATTINA CL.33 ///",8056732800915,18,"BIRRA SPECIALE/ARTIGIANALE",014,BIRRE,"111,000",0,"111,000",2021,"2,45500","2,70500","1,40000"
000000000251680,"VINO SICILIA DOC ROSATO LUMERA CL.75 12,5° 2020 DONNAFUGATA",8000852003138,97,"VINO ROSATO",009,VINI,"0,000",2,"-2,000",2021,"8,65500","9,52500","6,50700"
000000000251682,"VINO COLLEVENTANO MONTEPULCIANO 2017 CL.75 13.5° SAVINI",8024526000025,15,"VINO ROSSO",009,VINI,"14,000",2,"12,000",2021,"7,70500","8,48500","4,40000"
000000000251686,"MARZADRO GRAPPA AROMATICA GEWURZTRAMINER E MOSCATO 41° CL.70",8004009004894,5,GRAPPA,032,DISTILLATI,"2,000",0,"2,000",2021,"22,41500","24,66500","14,94000"
000000000251701,"VINO ROSE' TAMBE' CL.75 13° CAPICHERA",8032568670267,97,"VINO ROSATO",009,VINI,"10,000",0,"10,000",2021,"13,97500","15,37500","10,50000"
000000000251734,"VINO MOSCATO D'ASTI VIGNA SENZA NOME DOCG 2020 CL.75 5,5° BRAIDA",8024384024706,14,"VINO BIANCO",009,VINI,"12,000",2,"10,000",2021,"8,25500","9,08500","6,20000"
000000000251747,"VINO MULLER THURGAU DOC ALTO ADIGE 2020 CL.75 12,5° TRAMIN",8013365067009,14,"VINO BIANCO",009,VINI,"24,000",0,"24,000",2021,"9,18500","10,10500","6,90000"
000000000251748,"VINO PINOT GRIGIO ALTO ADIGE 2020 CL.75 13° TRAMIN",8013365347002,14,"VINO BIANCO",009,VINI,"10,000",2,"8,000",2021,"9,18500","10,10500","6,90000"
000000000251752,"VINO SAUVIGNON PEPI ALTO ADIGE 2020 CL.75 13,5° TRAMIN",8013365587002,14,"VINO BIANCO",009,VINI,"17,000",2,"15,000",2021,"12,24500","13,47500","9,20000"
000000000251753,"VINO GEWURZTRAMINER SELIDA ALTO ADIGE 2020 CL.75 14° TRAMIN",8013365527008,14,"VINO BIANCO",009,VINI,"12,000",2,"10,000",2021,"11,70500","12,88500","8,80000"
000000000251782,"CHAMPAGNE BRUT POL ROGER WINSTON CHURCHILL CL.75 12,5° C/ASTUCCIO",3260923020128,00116,CHAMPAGNE,033,BOLLICINE,"2,000",0,"2,000",2021,"240,00500","264,01500","160,00000"
000000000251793,"VINO CERASUOLO D'ABRUZZO PETTIROSCE 2020 CL.75 13,5° ORSOGNA ///",8032692480220,97,"VINO ROSATO",009,VINI,"25,000",2,"23,000",2021,"7,95500","8,75500","5,97800"
000000000251814,"MEZCAL DEL MAGUEY VIDA 42° CL.70",618397200929,00113,MEZCAL/PISCO/CACHACA,032,DISTILLATI,"5,000",0,"5,000",2021,"32,74500","36,02500","24,61700"
000000000251875,"GIN SLOE SIPSMITH LONDON CL.50 29°",5060204340062,11,GIN,032,DISTILLATI,"0,000",0,"0,000",2021,"26,81500","29,50500","17,87000"
000000000251878,"VODKA NEMIROFF DE LUXE 40° LT.1",4820181424947,7,VODKA,032,DISTILLATI,"7,000",0,"7,000",2021,"11,71500","12,89500","7,80500"
000000000251883,"VINO SANGIOVESE IGT COLLEVARA BACK TO BASIC 2018 CL.75 13,5° SANTA BARBARA",8003678800035,15,"VINO ROSSO",009,VINI,"12,000",2,"10,000",2021,"10,18500","11,20500","7,65000"
000000000251885,"VINO METODO CLASSICO BRUT CL.75 12,5° SANTA BARBARA",8003678400204,16,BOLLICINE,009,VINI,"10,000",0,"10,000",2021,"14,96500","16,46500","11,25000"
000000000251911,"RUM DON PAPA SMALL BATCH MT.KANLAON CL.70 40° C/ASTUCCIO ///",4809015157114,8,RUM,032,DISTILLATI,"18,000",2,"16,000",2021,"33,62500","36,99500","22,41000"
000000000251912,"RUM DON PAPA SMALL BATCH PHILIPPINES CL.70 40° C/ASTUCCIO ///",4809015157459,8,RUM,032,DISTILLATI,"17,000",2,"15,000",2021,"33,62500","36,99500","22,41000"
000000000251948,"VINO TRENTO DOC EXTRA BRUT CL.75 12,5° ROTALIAN4",8013359007509,00117,"TRENTO DOC",033,BOLLICINE,"10,000",0,"10,000",2021,"15,56500","17,12500","11,70000"
000000000251982,"SILENT POOL CITRUS 43° CL.70 (FRANCOLI)",5060411480612,11,GIN,032,DISTILLATI,"8,000",0,"8,000",2021,"45,18500","49,70500","30,11800"
000000000251984,"GIN ORIGINARIO PEPERONCINO ROSSO DI CALABRIA 40° LT.1",8034141060939,11,GIN,032,DISTILLATI,"12,000",0,"12,000",2021,"22,41500","24,66500","14,94000"
000000000251986,"VODKA MONT BLANC 40° LT.1",8436562150020,7,VODKA,032,DISTILLATI,"0,000",0,"0,000",2021,"46,79500","51,48500","31,19000"
000000000251991,"VINO SANGIOVESE ROSSO SONO ROMAGNA 2020 CL.75 13° TRE MONTI",8003387010251,15,"VINO ROSSO",009,VINI,"18,000",2,"16,000",2021,"6,29500","6,93500","4,19500"
000000000251995,"VINO SANGIOVESE SUPERIORE CAMPO DI MEZZO 2020 CL.75 13° TRE MONTI",8003387010114,14,"VINO BIANCO",009,VINI,"18,000",2,"16,000",2021,"5,58500","6,14500","4,19500"
000000000252010,"VINO CHARLEMAGNE GRAND CRU 2018 CL.75 13° DOMAINE DE VOUGERAIE",3355820080044,14,"VINO BIANCO",009,VINI,"2,000",0,"2,000",2021,"175,00500","192,51500","125,00000"
000000000252026,"VINO SPUMANTE ROSE' BRUT CL.75 12° SILVESTRONI",8011822013835,00120,"VINO SPUMANTIZZATO",033,BOLLICINE,"34,000",2,"32,000",2021,"7,18500","7,90500","4,10000"
000000000252049,"VINO KERNER ARISTOS 2019 CL.75 14,5° EISACKTAL VALLE ISARCO",8013774026000,14,"VINO BIANCO",009,VINI,"6,000",0,"6,000",2021,"15,83500","17,42500","11,90000"
000000000252083,"ROSOLIO DI BERGAMOTTO CL.70 20° ITALICUS",5060742030005,13,LIQUORI,032,DISTILLATI,"4,000",0,"4,000",2021,"31,02500","34,13500","20,68000"
000000000252107,"WHISKEY BOURBON RUSSELL'S RESERVE 90 PROOF 10Y 45° CL.70",72105900315,9,WHISKY,032,DISTILLATI,"6,000",0,"6,000",2021,"35,66500","39,23500","23,77000"
000000000252238,"GIN BROCKMANS 40° LT.1 (FRANCOLI) ///",5033931603694,11,GIN,032,DISTILLATI,"8,000",0,"8,000",2021,"50,36500","55,40500","33,57100"
000000000252242,"RUM JAMAICA HAMPDEN 2016 5 Y CL.70 C/ASTUCCIO",3700597353745,8,RUM,032,DISTILLATI,"2,000",0,"2,000",2021,"101,40500","111,55500","57,94000"
000000000252287,"VINO MOSCATO D'ASTI LE FRONDE CL.75 FONTANA FREDDA",8000174012597,00118,PROSECCO/SPUMANTE,003,BIBITE,"85,000",0,"85,000",2021,"7,13500","7,85500","4,75100"
1274,"CHARTREUSE VERDE CL. 70",3023480110707,13,LIQUORI,010,"AMARI E LIQUORI","10,000",2,"8,000",2021,"29,53500","32,49500","22,20000"
1606,"WHISKY GLENKINCHIE 12Y  CL.70",5000281005454,9,WHISKY,032,DISTILLATI,"4,000",2,"2,000",2021,"33,12500","36,44500","24,90000"
1616,"WHISKY FOUR ROSES BOURBON LT.1",5000299101209,9,WHISKY,032,DISTILLATI,"31,000",2,"29,000",2021,"17,29500","19,03500","13,00000"
1635,"WHISKY LAPHROAIG  QUARTER CL.70 ///",5010019640161,9,WHISKY,032,DISTILLATI,"4,000",2,"2,000",2021,"30,63500","33,70500","24,50000"
000000000245387,"LA VALDOTAINE AMARO DENTE DI LEONE LT.1 32,6° (FRANCOLI)",8015343204864,10,AMARO,010,"AMARI E LIQUORI","8,000",2,"6,000",2021,"24,91500","27,41500","18,72900"
000000000245599,"RUM BACARDI GOLD DE ORO CL.100",5010677025812,8,RUM,032,DISTILLATI,"14,000",2,"12,000",2021,"13,17500","14,49500","9,90000"
000000000245634,"LIQUORE BITTER EXTRA STRONG ROGER 25° CL.70 ///",8011701089890,13,LIQUORI,010,"AMARI E LIQUORI","10,000",2,"8,000",2021,"23,46500","25,81500","15,64000"
000000000245637,"VINO BARBERA FRIZZANTE DEL MONFERRATO 14° CL.75 2020 LA MONELLA BRAIDA",8024384022603,15,"VINO ROSSO",009,VINI,"11,000",2,"9,000",2021,"8,25500","9,08500","6,20000"
000000000245853,"RUM CARONI 23 YO 57,18° CL.70 XXXXX",,8,RUM,032,DISTILLATI,"2,000",2,"0,000",2021,"380,00500","418,01500","147,09000"
000000000246104,"VINO RIBOLLA GIALLA CL.75 13° VALENTINO BUTUSSI ///",8033488581404,14,"VINO BIANCO",009,VINI,"1,000",2,"-1,000",2021,"8,54500","9,40500","4,88000"
000000000246125,"WHISKY NIKKA TAKETSURU NO AGE 43° CL.70 VATTED MALT",3700597302293,9,WHISKY,032,DISTILLATI,"4,000",2,"2,000",2021,"60,11500","66,13500","40,07000"
000000000246131,"WHISKY CAOL ILA 2008 46° SIGNATORY UNCHILLFILTERED ///",5021944093571,9,WHISKY,032,DISTILLATI,"1,000",2,"-1,000",2021,"67,47500","74,22500","44,98000"
000000000246488,"RUM DIPLOMATICO RESERVA EXCLUSIVA CL.70 40° + 2 BICCHIERI",7594003626341,8,RUM,032,DISTILLATI,"0,000",0,"0,000",2021,"50,06500","55,07500","33,37000"
000000000246505,"FEE BROTHERS 1864 CHERRY BITTERS 150 ML. ///",791863140667,00115,"BITTER AROMATIZZANTI",013,APERITIVI,"1,000",2,"-1,000",2021,"23,67500","26,04500","15,78000"
000000000246571,"AMARO AVERNA RISERVA DON SALVATORE LT. 0,70 ///",8000400203416,10,AMARO,010,"AMARI E LIQUORI","13,000",2,"11,000",2021,"17,12500","18,84500","12,87500"
000000000246721,"OLD SAILOR COFFEE 27° CL.70",8058340840017,13,LIQUORI,010,"AMARI E LIQUORI","8,000",2,"6,000",2021,"27,32500","30,06500","18,21000"
000000000247159,"BIRRA VIEILLE VILLE CL.33 DUCATO",8033695262707,18,"BIRRA SPECIALE/ARTIGIANALE",014,BIRRE,"16,000",2,"14,000",2021,"4,07500","4,48500","2,32800"
000000000247163,"BIRRA WHITE RIOT CL.33 DUCATO",8033695261823,18,"BIRRA SPECIALE/ARTIGIANALE",014,BIRRE,"12,000",2,"10,000",2021,"2,44500","2,69500","1,39600"
000000000247202,"BIRRA FREERIDE IPA CL.33 DUCATO",8033695261823,18,"BIRRA SPECIALE/ARTIGIANALE",014,BIRRE,"30,000",2,"28,000",2021,"2,69500","2,97500","1,53500"
000000000247320,"WILD TURKEY 81 PROOF LT.1///",8000040500371,9,WHISKY,032,DISTILLATI,"14,000",2,"12,000",2021,"27,57500","30,33500","18,38100"
000000000248366,"MARTINI FIERO LT.1 ///",7630040401357,3,"APERITIVO ALCOLICO",013,APERITIVI,"11,000",2,"9,000",2021,"9,32500","10,26500","7,00400"
000000000248392,"VECCHIA ROMAGNA E.N. CL. 150",80195597,13,LIQUORI,010,"AMARI E LIQUORI","-3,000",2,"-5,000",2021,"22,00500","24,21500","16,54100"
000000000248439,"SAMBUCA ANNIVERSARIO LUCANO LT.1",8005240972911,13,LIQUORI,010,"AMARI E LIQUORI","17,000",0,"17,000",2021,"11,71500","12,89500","8,80200"
000000000248511,"CAMPARI BITTER CASK TALES 25° LT.1",8000040010962,3,"APERITIVO ALCOLICO",013,APERITIVI,"4,000",0,"4,000",2021,"55,64500","61,21500","37,09400"
000000000248524,"VINO CALAFURIA SALENTO CL.150 TORMARESCA",8026530001494,97,"VINO ROSATO",009,VINI,"6,000",2,"4,000",2021,"17,84500","19,63500","13,41000"
000000000248770,"SAMAROLI RUM TRINIDAD 1999 45° CL.70",5060417912643,8,RUM,032,DISTILLATI,"0,000",0,"0,000",2021,"146,49500","161,15500","97,66000"
000000000248979,"RUM ZACAPA CENTENARIO EDICION NEGRA CL.70 C/ASTUCCIO",7401005008634,8,RUM,032,DISTILLATI,"12,000",0,"12,000",2021,"84,00500","92,41500","56,00000"
000000000249003,"GENZIANA EVANGELISTA LT.3 BAG IN TUBE",8008255142386,13,LIQUORI,010,"AMARI E LIQUORI","2,000",0,"2,000",2021,"34,43500","37,88500","22,95000"
000000000250066,"VINO BIANCO SAN CRISPINO LT.1 10,5° BRIK CANTINE RONCO",8011510003667,14,"VINO BIANCO",009,VINI,"512,000",0,"512,000",2021,"1,29500","1,43500","0,97200"
000000000250484,"MARZADRO LIQUORE RIVIERA LIMONI CL.70 30°",80488132,13,LIQUORI,010,"AMARI E LIQUORI","6,000",2,"4,000",2021,"14,02500","15,43500","9,34300"
000000000250498,"CA' DEL BOSCO CORTE DEL LUPO CURTEFRANCA BIANCO DOC 2018 CL.150 C/ASTUCCIO",8032727262159,00119,FRANCIACORTA,033,BOLLICINE,"1,000",0,"1,000",2021,"53,01500","58,32500","35,34000"
000000000250846,"CHAMPAGNE VEUVE CLIQUOT TWIN PACK BRUT + ROSE' CL.75",3049614142680,00116,CHAMPAGNE,033,BOLLICINE,"11,000",0,"11,000",2021,"119,76500","131,74500","79,84000"
000000000251054,"WHISKY SINGLE MALT SCOTCH CRAIGELLACCHIE 8 Y 46° CL.70 C/ASTUCCIO",5324218811094,9,WHISKY,032,DISTILLATI,"1,000",0,"1,000",2021,"81,57500","89,73500","54,38000"
1688,"WHISKY BOWMORE 12 Y.O. ISLAY CL. 70///",5010496080818,9,WHISKY,032,DISTILLATI,"6,000",2,"4,000",2021,"30,51500","33,57500","22,94000"
1701,"RUM BACARDI 8 ANOS CL. 70",5010677105767,8,RUM,032,DISTILLATI,"7,000",2,"5,000",2021,"23,77500","26,15500","17,87100"
1715,"WHISKY JAMESON 12 Y 1780 AST.CL.70",5011007003197,9,WHISKY,032,DISTILLATI,"0,000",2,"-2,000",2021,"30,71500","33,79500","23,09000"
1716,"WHISKY BUSHMILLS ORIGINAL CL.70///",5055966800022,9,WHISKY,032,DISTILLATI,"15,000",2,"13,000",2021,"13,57500","14,93500","10,20000"
1723,"SHERIDAN'S CL. 70",5011013200153,13,LIQUORI,010,"AMARI E LIQUORI","5,000",2,"3,000",2021,"15,25500","16,78500","12,20000"
1797,"WHISKY JACK DANIEL'S LT. 1 ///",5099873090442,9,WHISKY,032,DISTILLATI,"45,000",2,"43,000",2021,"20,22500","23,26500","16,85300"
2029,"TEQUILA SAUZA BLANCO CL. 100///",7501005611015,6,TEQUILA,032,DISTILLATI,"0,000",2,"-2,000",2021,"14,85500","16,34500","11,16500"
2036,"RUM PAMPERO ESPECIAL CL.70 40°",7591001011070,8,RUM,032,DISTILLATI,"5,000",2,"3,000",2021,"11,99500","13,20500","7,99000"
2037,"RUM PAMPERO ANNIVERSARIO CL.70 ///",8028286000325,8,RUM,032,DISTILLATI,"13,000",2,"11,000",2021,"21,45500","23,60500","14,30000"
2044,"KAHLUA LT.1 ///",089540122700,13,LIQUORI,010,"AMARI E LIQUORI","18,000",2,"16,000",2021,"14,38500","15,82500","10,81000"
2837,"GRAPPA NARDINI LT.1",8000513000018,5,GRAPPA,032,DISTILLATI,"7,000",2,"5,000",2021,"20,88500","22,97500","15,70000"
3015,"MARTINI BIANCO CL. 100 ///",5010677925303,3,"APERITIVO ALCOLICO",013,APERITIVI,"57,000",2,"55,000",2021,"6,28500","6,91500","5,23000"
3016,"MARTINI DRY  CL. 100 ///",8000570000143,3,"APERITIVO ALCOLICO",013,APERITIVI,"25,000",2,"23,000",2021,"8,26500","9,09500","6,21000"
381,"ANGOSTURA ML.200",075496002005,00115,"BITTER AROMATIZZANTI",013,APERITIVI,"14,000",2,"12,000",2021,"12,37500","13,61500","9,30000"
4873,"PUNCH ARANCIO BARBIERI LT.1",8008005021541,4,PUNCH,010,"AMARI E LIQUORI","17,000",2,"15,000",2021,"12,45500","13,70500","8,30000"
4874,"PUNCH MANDARINO BARBIERI LT.1",8002230000067,4,PUNCH,010,"AMARI E LIQUORI","36,000",2,"34,000",2021,"13,05500","14,36500","8,70000"
4879,"RUM DES ANTILLES CL.70",8002230000357,8,RUM,032,DISTILLATI,"2,000",2,"0,000",2021,"8,85500","9,74500","5,90000"
000000000251285,"GENZIANA LT.2 BALDONI",8004625005527,13,LIQUORI,010,"AMARI E LIQUORI","22,000",2,"20,000",2021,"17,15500","18,87500","12,89800"
000000000251286,"PUNCH AL MANDARINO LT.1 BALDONI",8004625001024,4,PUNCH,010,"AMARI E LIQUORI","88,000",2,"86,000",2021,"14,74500","16,22500","9,82500"
000000000251287,"PUNCH CREOLA FANTASIA LT.1 BALDONI",8004625001307,4,PUNCH,010,"AMARI E LIQUORI","92,000",2,"90,000",2021,"14,74500","16,22500","9,82500"
000000000251304,"GIN HENDRICK'S CL.5",5010327709000,11,GIN,032,DISTILLATI,"10,000",0,"10,000",2021,"6,66500","7,33500","4,44000"
000000000251486,"WHISKY YOICHI NON AGE 46° CL.70 BOURBON WOOD FINISH SINGLE MALT NIKKA",3700597303887,9,WHISKY,032,DISTILLATI,"2,000",0,"2,000",2021,"185,07500","203,58500","123,38000"
000000000251565,"BIRRA FLEA BLONDE ALE ALBA LATTINA CL.33 ///",8056732800908,18,"BIRRA SPECIALE/ARTIGIANALE",014,BIRRE,"146,000",0,"146,000",2021,"2,45500","2,70500","1,40000"
000000000251683,"VINO COLLEVENTANO PECORINO 2020 CL.75 13° SAVINI",8024526000209,14,"VINO BIANCO",009,VINI,"13,000",2,"11,000",2021,"7,70500","8,48500","4,40000"
000000000251684,"GIN BLACK SCAPEGRACE NEW ZELAND 41,6° CL.70",9421903387660,11,GIN,032,DISTILLATI,"2,000",0,"2,000",2021,"36,88500","40,57500","24,58300"
000000000251692,"MARZADRO GRAPPA DELICATA CHARDONNAY E MULLER THURGAU CL.70 41°",8004009004900,5,GRAPPA,032,DISTILLATI,"1,000",0,"1,000",2021,"19,88500","21,87500","14,94500"
000000000251725,"VINO MONTEFALCO SAGRANTINO DOCG 25Y 2015 CL.75 15° ARNALDO CAPRAI",8019787008385,15,"VINO ROSSO",009,VINI,"6,000",0,"6,000",2021,"45,92500","50,52500","32,80000"
000000000251735,"VINO BARBERA D'ASTI MONTEBRUNA DOCG CL.75 15° BRAIDA",8024384024430,15,"VINO ROSSO",009,VINI,"5,000",0,"5,000",2021,"11,97500","13,17500","9,00000"
000000000251751,"VINO PINOT BIANCO MORIZ ALTO ADIGE 2020 CL.75 13,5° TRAMIN",8013365527008,14,"VINO BIANCO",009,VINI,"6,000",2,"4,000",2021,"12,24500","13,47500","9,20000"
000000000251781,"CHAMPAGNE RESERVE BRUT POL ROGER CL.75 12,5° C/ASTUCCIO",3260923072004,00116,CHAMPAGNE,033,BOLLICINE,"18,000",0,"18,000",2021,"36,80500","40,49500","29,95000"
000000000251816,"DE KUYPER KWAIFEH LYCHEE 20° CL. 70 ///",8710625522109,13,LIQUORI,010,"AMARI E LIQUORI","17,000",2,"15,000",2021,"10,88500","11,97500","7,25100"
000000000251837,"VINO VERDICCHIO MATELICA ANIMO LOGICO 2020 CL.75  13° BELISARIO",8007182000417,14,"VINO BIANCO",009,VINI,"21,000",0,"21,000",2021,"11,73500","12,91500","8,82000"
000000000251848,"VINO GRUNER VELTLINER PRAEPOSITUS DOC 2018 CL.75 14° ABBAZIA DI NOVACELLA",8025300054005,14,"VINO BIANCO",009,VINI,"18,000",0,"18,000",2021,"15,56500","17,12500","11,70000"
000000000251876,"GIN DRY SIPSMITH LONDON CL.70 29°",5060204340000,11,GIN,032,DISTILLATI,"7,000",2,"5,000",2021,"30,15500","33,17500","20,10000"
000000000251882,"VINO VERDICCHIO JESI BIOLOGICO BACK TO BASIC 2019 14° CL.75  S.BARBARA",8003678442013,14,"VINO BIANCO",009,VINI,"12,000",2,"10,000",2021,"10,74500","11,82500","8,07500"
000000000251916,"GIN GINEPRAIO BIOLOGICO AMPHORA NAVY STRENGHT 57° CL.50",8058340840123,11,GIN,032,DISTILLATI,"10,000",0,"10,000",2021,"46,50500","51,16500","31,00000"
000000000242627,"WOODFORD RESERVE CL.70",5099873025871,9,WHISKY,032,DISTILLATI,"3,000",2,"1,000",2021,"43,44500","47,79500","28,96100"
000000000242707,"RUM BRUGAL RESERVA XV CL.70",7460855200018,8,RUM,032,DISTILLATI,"9,000",2,"7,000",2021,"20,08500","22,09500","15,10000"
000000000242841,"AMARO DEL CAPO CL.70 RISERVA C/ASTUCCIO",8004499013758,10,AMARO,010,"AMARI E LIQUORI","12,000",0,"12,000",2021,"40,40500","44,45500","30,37800"
000000000243078,"RUM LEGENDARIO RON DORADO CL.70",8500000194201,8,RUM,032,DISTILLATI,"37,000",2,"35,000",2021,"11,28500","12,41500","7,52000"
000000000243462,"LIQUORE LIK LI LIQUIRIZIA 25° CL.70 (FRANCOLI)",8003405004927,13,LIQUORI,010,"AMARI E LIQUORI","83,000",2,"81,000",2021,"13,07500","14,38500","7,46800"
000000000243594,"WHISKY JACK DANIEL'S LT. 3",5099873083598,9,WHISKY,032,DISTILLATI,"4,000",0,"4,000",2021,"92,48500","101,72500","61,65000"
000000000243676,"FABBRI TOPPING NOCCIOLA SUPER GR.800",80021827,00121,TOPPING,011,SCIROPPI/TOPPING,"2,000",2,"0,000",2021,"14,70500","16,18500","9,79900"
000000000243863,"RUM TROIS RIVIERES CUVEE DE L'OCEAN BLANC AGRICOLE 40° CL.70",3267130032432,8,RUM,032,DISTILLATI,"6,000",2,"4,000",2021,"22,46500","24,70500","14,97000"
000000000243914,"GIN BOTANIC PREMIUM W&H 40° CL.70 ///",8410028900435,11,GIN,032,DISTILLATI,"4,000",0,"4,000",2021,"32,37500","35,61500","21,58000"
000000000244088,"FERRARI PERLE' NERO C/ASTUCCIO CL.75 2008 ///",8007355012841,00117,"TRENTO DOC",033,BOLLICINE,"0,000",0,"0,000",2021,"46,33500","50,97500","33,09000"
000000000244205,"LIQUORE ALLO ZENZERO SPIRITOSANO 30° CL.100",8024158071462,13,LIQUORI,010,"AMARI E LIQUORI","1,000",2,"-1,000",2021,"15,38500","16,92500","10,25000"
000000000244675,"GRAPPA GIOVANE CL.70 BRAULIO ///",8001500007201,5,GRAPPA,032,DISTILLATI,"2,000",2,"0,000",2021,"10,42500","11,47500","7,83700"
000000000251950,"VINO VALTELLINA SUPERIORE RISERVA 2016 CL.75 13,5° SASSELLA",8032754821565,15,"VINO ROSSO",009,VINI,"11,000",0,"11,000",2021,"15,56500","17,12500","11,70000"
000000000251983,"GIN ORIGINARIO AI CAPPERI DI SICILIA 40° LT.1",803141060915,11,GIN,032,DISTILLATI,"6,000",0,"6,000",2021,"19,79500","21,78500","13,19000"
000000000251992,"VINO CHARDONNAY SONO 2020 CL.75 12° TRE MONTI",8003387010275,14,"VINO BIANCO",009,VINI,"11,000",2,"9,000",2021,"5,50500","6,06500","4,19500"
000000000252023,"VINO ROSSO CONERO DOC 2019 CL.75 14,5° SILVESTRONI",80011822008039,15,"VINO ROSSO",009,VINI,"52,000",2,"50,000",2021,"4,38500","4,82500","2,50000"
000000000252038,"VINO GAVI DEL COMUNE DI GAVI DOCG 2019 CL.75 12,5° ROCCHIN",8051414170065,14,"VINO BIANCO",009,VINI,"30,000",2,"28,000",2021,"9,84500","10,83500","5,62500"
000000000252051,"VINO PINOT BIANCO 2020 CL.75 EISACKTAL VALLE ISARCO KELLEREI",8013774070003,14,"VINO BIANCO",009,VINI,"11,000",2,"9,000",2021,"8,25500","9,08500","6,20000"
1287,"COINTREAUX  CL.100 ///",3035542001908,13,LIQUORI,010,"AMARI E LIQUORI","4,000",2,"2,000",2021,"21,15500","23,27500","15,90000"
1290,"BENEDICTINE LIQUEUR CL.70",3035551511009,13,LIQUORI,010,"AMARI E LIQUORI","11,000",2,"9,000",2021,"18,75500","20,63500","14,10000"
1594,"WHISKY JOHNNIE WALKER BLACK LABEL CL 70",5000267024233,9,WHISKY,032,DISTILLATI,"12,000",2,"10,000",2021,"22,57500","24,83500","16,97000"
1601,"WHISKY LAGAVULIN CL.70 16Y ///",5000281005409,9,WHISKY,032,DISTILLATI,"4,000",2,"2,000",2021,"50,11500","55,13500","40,09000"
1634,"WHISKY LAPHROAIG  10 Y CL.70 ///",5010019640260,9,WHISKY,032,DISTILLATI,"17,000",2,"15,000",2021,"30,71500","33,79500","24,57000"
1682,"WHISKY GLENMORANGIE 10 Y.O. CL. 70",5010494560282,9,WHISKY,032,DISTILLATI,"5,000",2,"3,000",2021,"32,19500","35,42500","24,20000"
1730,"WHISKY TULLAMORE     CL. 70",5011026108033,9,WHISKY,032,DISTILLATI,"12,000",2,"10,000",2021,"17,25500","18,98500","11,50000"
000000000244713,"BAS ARMAGNAC GRAND CHAMPAGNE FONTVIEILLE 43° CL.70",3760009600577,00110,"ARMAGNAC/BAS ARMAGNAC",032,DISTILLATI,"1,000",0,"1,000",2021,"144,00500","158,40500","96,00000"
000000000244977,"AMARO CYNAR 70 PROOF 35° CL.100 ///",8002250800449,10,AMARO,010,"AMARI E LIQUORI","12,000",2,"10,000",2021,"18,27500","20,10500","13,73700"
000000000245005,"BIRRA FLEA VIOLANTE CL.33 ///",8056732800366,18,"BIRRA SPECIALE/ARTIGIANALE",014,BIRRE,"221,000",2,"219,000",2021,"2,56500","2,82500","1,46000"
000000000245272,"CREOLA BIANCA BELLINI  LT.2",8007525124305,13,LIQUORI,010,"AMARI E LIQUORI","0,000",2,"-2,000",2021,"13,62500","14,99500","10,23800"
000000000245565,"CHAMPAGNE BILLECART-SALMON ROSE' CL.75 12° C/ASTUCCIO XXX",XXXXXX,00116,CHAMPAGNE,033,BOLLICINE,"4,000",0,"4,000",2021,"52,80500","58,09500","47,80000"
000000000245801,"VINO PASSERINA BAG IN BOX 10 LT DI RUSCIO",8059617330286,14,"VINO BIANCO",009,VINI,"27,000",2,"25,000",2021,"19,25500","21,18500","11,00000"
5949,"ZEDDA PIRAS CL.70 ///",8003788001063,13,LIQUORI,010,"AMARI E LIQUORI","6,000",2,"4,000",2021,"11,54500","12,70500","7,69500"
6417,"PUNT & MES LT.1 ///",8004400007142,13,LIQUORI,010,"AMARI E LIQUORI","62,000",2,"60,000",2021,"9,32500","10,26500","6,21100"
650,"RUM MATUSALEM 15 Y.O. CL. 70",766094010058,8,RUM,032,DISTILLATI,"13,000",2,"11,000",2021,"22,61500","24,88500","17,00000"
7219,"CREOLA BELLINI  LT.2",8007525101108,13,LIQUORI,010,"AMARI E LIQUORI","9,000",2,"7,000",2021,"13,62500","14,99500","10,23800"
7228,"GRAPPA BIANCA VENETA  CL.70",8007525104000,5,GRAPPA,032,DISTILLATI,"13,000",2,"11,000",2021,"5,17500","5,69500","3,88600"
7232,"LIMONCINO BELLINI CL.70",8007525114108,13,LIQUORI,010,"AMARI E LIQUORI","154,000",2,"152,000",2021,"4,57500","5,03500","3,43500"
7236,"LIMONCINO BELLINI LT.2",8007525113606,13,LIQUORI,010,"AMARI E LIQUORI","159,000",2,"157,000",2021,"11,64500","12,81500","9,31400"
8506,"LIMONCELLO CAPRI LT.1 ///",8017450002111,13,LIQUORI,010,"AMARI E LIQUORI","132,000",2,"130,000",2021,"11,78500","12,96500","8,86000"
8508,"VECCHIA ROMAGNA E.N. CL. 70 ///",8000060100247,13,LIQUORI,010,"AMARI E LIQUORI","29,000",2,"27,000",2021,"11,66500","12,83500","8,76900"
9439,"FUNDADOR BRANDY CL.70",8410024001549,12,BRANDY,032,DISTILLATI,"11,000",2,"9,000",2021,"10,82500","11,91500","8,13700"
000000000246103,"VINO PINOT GRIGIO RAMATO CL.75 14.5°  VALENTINO BUTUSSI ///",8033488581305,14,"VINO BIANCO",009,VINI,"1,000",2,"-1,000",2021,"8,54500","9,40500","4,88000"
000000000246133,"CHAMPAGNE BILLECART-SALMON BRUT RESERVE CL.75 C/ASTUCCIO XXX",3113942150102,00116,CHAMPAGNE,033,BOLLICINE,"0,000",0,"0,000",2021,"32,60500","35,87500","27,60000"
000000000246169,"AMARO AVERNA LT.3 ///",XXXXXX,10,AMARO,010,"AMARI E LIQUORI","2,000",2,"0,000",2021,"83,62500","91,99500","55,74600"
000000000246560,"VINO BIANCO BAG IN BOX 10 LT DI RUSCIO",8059617330323,14,"VINO BIANCO",009,VINI,"34,000",2,"32,000",2021,"17,50500","19,62500","10,00000"
000000000246849,"LIQUORE F.LLI VENA NOCINO 30° CL.70",XXXXXX,13,LIQUORI,010,"AMARI E LIQUORI","3,000",2,"1,000",2021,"13,42500","14,77500","8,94800"
000000000247000,"BARBIERI BITTER LT.1 ///",8002230000043,3,"APERITIVO ALCOLICO",013,APERITIVI,"15,000",2,"13,000",2021,"8,50500","9,36500","6,38700"
000000000247517,"BITTER ROSSO ROUGE 25° LT.1",8055731570379,13,LIQUORI,010,"AMARI E LIQUORI","2,000",2,"0,000",2021,"23,76500","26,14500","15,84000"
000000000247768,"VINO FUJENTE ROSE' SPUMANTE METODO CHARMAT 12° CL.75 COPPADORO",8054392880551,00118,PROSECCO/SPUMANTE,033,BOLLICINE,"-1,000",2,"-3,000",2021,"5,60500","6,17500","3,20000"
000000000248003,"LUCANO LIMONCELLO 30° LT.1",8005240973352,13,LIQUORI,010,"AMARI E LIQUORI","33,000",0,"33,000",2021,"14,67500","16,14500","11,02800"
000000000248114,"WHISKY MACALLAN DOUBLE CASK 12 Y C.70 40°",5010314302863,9,WHISKY,032,DISTILLATI,"11,000",0,"11,000",2021,"67,88500","74,67500","45,25000"
000000000248364,"LIQUORE IOVEM 15° CL.70 ///",8388766147330,13,LIQUORI,010,"AMARI E LIQUORI","127,000",2,"125,000",2021,"17,29500","19,03500","13,00000"
000000000248464,"MARZADRO INFUSIONE ZIRMOL 40° CL.70",8004009003446,13,LIQUORI,010,"AMARI E LIQUORI","8,000",0,"8,000",2021,"24,84500","27,33500","16,56000"
000000000248508,"VINO ROSSO BAG IN BOX 5 LT DI RUSCIO",,15,"VINO ROSSO",009,VINI,"14,000",2,"12,000",2021,"11,38500","12,52500","6,50000"
000000000248574,"VINO VERDICCHIO MATELICA TERRE VAL BONA 2018 CL.75 12.5° BELISARIO",8007182000264,14,"VINO BIANCO",009,VINI,"0,000",2,"-2,000",2021,"3,72500","4,10500","2,80000"
000000000249431,"AMARO BRAULIO RISERVA SPECIALE CL.70 ///",8007010001234,10,AMARO,010,"AMARI E LIQUORI","5,000",0,"5,000",2021,"22,77500","25,05500","15,18000"
000000000250230,"AMARO DEL CAPO CL.70 RED HOT EDITION ///",8004499701693,10,AMARO,010,"AMARI E LIQUORI","-2,000",2,"-4,000",2021,"15,41500","16,96500","11,58400"
000000000250323,"WHISKY PORT ASKAIG 12Y SPRING ED. CL.70 C/AST. 45,8°",5060532808272,9,WHISKY,032,DISTILLATI,"0,000",0,"0,000",2021,"75,56500","83,12500","50,37000"
000000000250335,"RUM SAILOR JERRY SPICED CL.70 40°",5010327405223,8,RUM,032,DISTILLATI,"17,000",2,"15,000",2021,"16,82500","18,51500","11,21500"
000000000250404,"BIRRA PILS FAUST CL.33 X 20 BREWRISE VAR",4106120008622,18,"BIRRA SPECIALE/ARTIGIANALE",014,BIRRE,"0,000",2,"-2,000",2021,"39,00500","42,91500","26,00000"
000000000250406,"BIRRA BAYRISCH HELL FAUST 4,8° CL.50 X 20 BREWRISE VAR",4106120008561,18,"BIRRA SPECIALE/ARTIGIANALE",014,BIRRE,"0,000",2,"-2,000",2021,"40,50500","44,56500","27,00000"
000000000250545,"NAT20 VENCHI CUBA RHUM CHOCOLATE CREAM 17° CL.70",8002996130718,8,RUM,032,DISTILLATI,"4,000",2,"2,000",2021,"22,30500","24,54500","14,86800"
000000000250841,"CHAMPAGNE PERRIER JOUET BLANC DE BLANC + 2 FLUTES",3113889000317,00116,CHAMPAGNE,033,BOLLICINE,"2,000",0,"2,000",2021,"77,11500","84,83500","51,40700"
000000000250848,"CHAMPAGNE MOET & CHANDON TWIN SET IMPERIAL + ROSE' CL.75",8010616650102,00116,CHAMPAGNE,033,BOLLICINE,"4,000",0,"4,000",2021,"110,86500","121,95500","73,90700"
000000000250850,"CHAMPAGNE MOET & CHANDON IMPERIAL ORO CL. 75 12° XXX",3185370695197,00116,CHAMPAGNE,033,BOLLICINE,"1,000",0,"1,000",2021,"47,44500","52,19500","33,88700"
000000000250851,"CHAMPAGNE MOET & CHANDON IMPERIAL ORO CL. 75 12° C/ASTUCCIO XXX",3185370691946,00116,CHAMPAGNE,033,BOLLICINE,"2,000",0,"2,000",2021,"50,37500","55,41500","35,97500"
000000000250964,"CONFEZIONE CAFFE' DEL MARINAIO + CAFFETTIERA CL.20",8053504430080,13,LIQUORI,010,"AMARI E LIQUORI","2,000",2,"0,000",2021,"18,90500","20,80500","13,90000"
000000000250999,"RUM GOLD PURE CANE ZAKA MARTINIQUE LIMITED EDITION 42° CL.70 C/ASTUCCIO",8712436141944,8,RUM,032,DISTILLATI,"1,000",0,"1,000",2021,"27,59500","30,36500","18,39000"
000000000251013,"RUM JAMAICA APPLETON ESTATE 1999 63° HEARTS COLLECTION CL.70 C/ASTUCCIO",8000207029769,8,RUM,032,DISTILLATI,"1,000",0,"1,000",2021,"409,00000","449,00000","134,62000"
000000000251300,"WHISKY JAPANESE THE KURAYOSHI SHERRY CASK 43° CL.70 MATSUI",4954621000900,9,WHISKY,032,DISTILLATI,"2,000",0,"2,000",2021,"105,40500","115,95500","70,26300"
000000000251303,"WHISKY HIGHLAND PARK CL.5 12Y",5010314505202,9,WHISKY,032,DISTILLATI,"10,000",0,"10,000",2021,"6,78500","7,46500","4,52000"
000000000251441,"WHISKY SINGLE GRAIN IRISH BUSKER 88,6 PROOF 44,3° CL.70",8001110596072,9,WHISKY,032,DISTILLATI,"9,000",2,"7,000",2021,"20,52500","22,58500","13,68100"
000000000251681,"VINO MONTEPULCIANO D'ABRUZZO RISERVA DOCG 2015 CL.75 14° SAVINI",8024526000261,15,"VINO ROSSO",009,VINI,"21,000",2,"19,000",2021,"10,92500","12,02500","6,24000"
000000000251718,"VINO PINOT GRIGIO FRIULI ISONZO CL.75 13,5° 2019 CASTELLO DI SPESSA",8032880511996,14,"VINO BIANCO",009,VINI,"17,000",2,"15,000",2021,"7,85500","8,64500","5,90000"
000000000251724,"VINO MONTEFALCO SAGRANTINO DOCG COLLEPIANO 2016 CL.75 15,5° ARNALDO CAPRAI",8019787011477,15,"VINO ROSSO",009,VINI,"8,000",0,"8,000",2021,"21,00500","23,11500","15,00000"
000000000251726,"VINO GRECHETTO GRECANTE 2020 CL.75 13,5° ARNALDO CAPRAI",801978701558,14,"VINO BIANCO",009,VINI,"11,000",2,"9,000",2021,"7,98500","8,78500","6,00000"
000000000251749,"VINO LAGREIN ALTO ADIGE 2019 CL.75 12,5° TRAMIN",8013365157007,15,"VINO ROSSO",009,VINI,"12,000",2,"10,000",2021,"10,37500","11,41500","7,80000"
000000000251750,"VINO PINOT NERO ALTO ADIGE 2019 CL.75 13° TRAMIN",8013365167006,15,"VINO ROSSO",009,VINI,"11,000",2,"9,000",2021,"11,70500","12,88500","8,80000"
000000000251754,"VINO GEWURZTRAMINER NUSSBAUMER ALTO ADIGE 2019 CL.75 14,5° TRAMIN",8013365297000,14,"VINO BIANCO",009,VINI,"18,000",2,"16,000",2021,"22,48500","24,73500","16,90000"
000000000251776,"VINO COLLEVENTANO ROSATO 2020 CL.75 13° SAVINI",8024526001046,97,"VINO ROSATO",009,VINI,"11,000",2,"9,000",2021,"7,70500","8,48500","4,40000"
000000000251795,"VINO BIANCO DERTHONA 2019 CL.75 14° VIGNETI MASSA",8018917000152,14,"VINO BIANCO",009,VINI,"4,000",2,"2,000",2021,"15,30500","16,84500","11,50000"
000000000251809,"VINO BIANCO CHEVINO BRIK LT.1 LAMONARCA",8005479004025,14,"VINO BIANCO",009,VINI,"448,000",2,"446,000",2021,"0,81500","0,90500","0,61000"
000000000251817,"TEQUILA BLANCO OLMECA BLANCO 38° LT.1",080432402207,6,TEQUILA,032,DISTILLATI,"37,000",0,"37,000",2021,"20,19500","22,22500","13,46000"
000000000251840,"VINO SAUVIGNON BLANC PIERE 2018 CL.75 14,5° VIE DI ROMANS",8032625753193,14,"VINO BIANCO",009,VINI,"18,000",0,"18,000",2021,"18,26500","20,09500","13,72600"
000000000251841,"VINO PINOT GRIGIO DESSIMIS 2018 CL.75 14° VIE DI ROMANS",8032625753148,14,"VINO BIANCO",009,VINI,"12,000",0,"12,000",2021,"19,10500","21,02500","14,36300"
000000000251842,"VINO CHARDONNAY CIAMPAGNIS 2018 CL.75 13,5° VIE DI ROMANS",8032625753117,14,"VINO BIANCO",009,VINI,"18,000",0,"18,000",2021,"15,48500","17,03500","11,63500"
000000000251855,"BIRRA MORE DRY AND SOUR THAN YOUR MOTHER SAISON CL.33 TFD BREWRISE",6430060520066,18,"BIRRA SPECIALE/ARTIGIANALE",014,BIRRE,"18,000",0,"18,000",2021,"2,75500","3,03500","1,83300"
000000000251910,"RUM DON PAPA SHERRY CASKS CL.70 45° C/ASTUCCIO ///",4809015157152,8,RUM,032,DISTILLATI,"5,000",2,"3,000",2021,"71,72500","78,90500","47,81000"
000000000251979,"GIN GORDON'S SICILIAN LEMON 37,5° CL.70",5000289932479,11,GIN,032,DISTILLATI,"10,000",0,"10,000",2021,"12,56500","13,82500","8,37200"
000000000251985,"VODKA BLACK FORTY 4C 40° CL.70",8034141060618,7,VODKA,032,DISTILLATI,"11,000",0,"11,000",2021,"15,23500","16,76500","10,15000"
000000000251993,"VINO ALBANA SECCO VIGNA ROCCA 2020 CL.75 13,5° TRE MONTI",8003387010015,14,"VINO BIANCO",009,VINI,"18,000",2,"16,000",2021,"5,58500","6,14500","4,19500"
000000000251994,"VINO ROMAGNA ALBANA IN ANFORA VITALBA 2020 CL.75 14,5° TRE MONTI",8003387010411,14,"VINO BIANCO",009,VINI,"11,000",2,"9,000",2021,"12,19500","13,42500","9,16500"
000000000252033,"VINO CUVEE SECRETE 2019 CL.75 13,5° ARNALDO CAPRAI",8019787015345,14,"VINO BIANCO",009,VINI,"12,000",0,"12,000",2021,"21,00500","23,11500","14,00000"
000000000252084,"LILLET ROSE' CL.75 17°",3057230000277,13,LIQUORI,010,"AMARI E LIQUORI","4,000",0,"4,000",2021,"15,71500","17,29500","10,47000"
1310,"PERNOD CL.70",3047100090316,13,LIQUORI,010,"AMARI E LIQUORI","1,000",2,"-1,000",2021,"11,84500","13,02500","8,90000"
1371,"CHAMPAGNE JACQUART CL.75 XXX",3700252001240,00116,CHAMPAGNE,033,BOLLICINE,"-3,000",0,"-3,000",2021,"24,24500","26,67500","19,24000"
1597,"WHISKY DIMPLE 15 YEARS OLD",5000281003337,9,WHISKY,032,DISTILLATI,"3,000",2,"1,000",2021,"27,73500","30,51500","20,85000"
1605,"WHISKY OBAN SINGLE MALT CL.70 ///",5000281005447,9,WHISKY,032,DISTILLATI,"11,000",2,"9,000",2021,"40,63500","44,70500","32,50000"
1938,"OFFLEY PORT RICH TAWNY CL.70",5601034001503,9,WHISKY,032,DISTILLATI,"16,000",2,"14,000",2021,"7,58500","8,34500","5,70000"
2206,"AMARO PETRUS BOONEKAMP CL. 70 ///",8000060366520,10,AMARO,010,"AMARI E LIQUORI","24,000",2,"22,000",2021,"13,03500","14,34500","9,80000"
2712,"GRAPPA & PERA JULIA CL.70",8000440373728,5,GRAPPA,032,DISTILLATI,"1,000",2,"-1,000",2021,"8,41500","9,26500","6,32000"
3075,"ANISETTA MELETTI DRY CL.70",8000655001027,13,LIQUORI,010,"AMARI E LIQUORI","18,000",2,"16,000",2021,"10,99500","12,10500","8,26200"
3084,"ANISETTA MELETTI CL. 70 34°  XXXXX ///",8000655701019,13,LIQUORI,010,"AMARI E LIQUORI","274,000",2,"272,000",2021,"8,95500","10,30500","7,88400"
3087,"PUNCH MANDARINO MELETTI CL.70",8000655803034,4,PUNCH,010,"AMARI E LIQUORI","94,000",2,"92,000",2021,"9,04500","9,95500","6,02600"
4053,"APEROL SODA X 48  CL.125 ///",80012489,3,"APERITIVO ALCOLICO",013,APERITIVI,"33,000",2,"31,000",2021,"39,31500","43,25500","29,55300"
4763,"SAMBUCA MOLINARI CL. 70///",8002095100001,13,LIQUORI,010,"AMARI E LIQUORI","133,000",2,"131,000",2021,"12,35500","13,59500","9,88100"
4790,"SAMBUCA MOLINARI CL.150///",8002125003005,13,LIQUORI,010,"AMARI E LIQUORI","72,000",2,"70,000",2021,"22,48500","24,73500","19,55000"
1669,"DRAMBUIE CL.70 ///",5010391100703,13,LIQUORI,010,"AMARI E LIQUORI","6,000",2,"4,000",2021,"17,49500","19,25500","13,15000"
1719,"CREMA WHISKY BAILEY'S LT. 1///",5011013100118,13,LIQUORI,010,"AMARI E LIQUORI","441,000",2,"439,000",2021,"13,69500","15,75500","10,95000"
3081,"PUNCH CIOCCOLATO MELETTI CL.70",8000655550105,4,PUNCH,010,"AMARI E LIQUORI","60,000",2,"58,000",2021,"11,99500","13,20500","7,99600"
4871,"APEROL BARBIERI CL. 100 ///",8002230000012,3,"APERITIVO ALCOLICO",013,APERITIVI,"1434,000",2,"1432,000",2021,"9,56500","11,00500","8,69200"
4896,"AMARO CYNAR LT. 1 ///",8002240001009,10,AMARO,010,"AMARI E LIQUORI","22,000",2,"20,000",2021,"13,66500","15,03500","10,26700"
4898,"BIANCOSARTI CL.100 ///",8002250055603,3,"APERITIVO ALCOLICO",013,APERITIVI,"24,000",2,"22,000",2021,"15,43500","16,98500","11,60200"
5649,"GALLIANO CL.50",8003320001438,13,LIQUORI,010,"AMARI E LIQUORI","5,000",2,"3,000",2021,"12,52500","13,78500","9,41700"
5918,"SUGARITO/NATY'S ML.1000",8009760010368,13,LIQUORI,010,"AMARI E LIQUORI","184,000",2,"182,000",2021,"5,25500","5,78500","3,95000"
6409,"AMARO FERNET BRANCA LT. 1 ///",8004400011668,10,AMARO,010,"AMARI E LIQUORI","69,000",2,"67,000",2021,"15,24500","17,53500","13,25600"
6414,"STRAVECCHIO BRANCA LT.1 ///",8004400003137,12,BRANDY,032,DISTILLATI,"44,000",2,"42,000",2021,"14,89500","17,13500","11,19600"
7159,"ANICE FORTE BELLINI LT.1",8007225000701,13,LIQUORI,010,"AMARI E LIQUORI","32,000",2,"30,000",2021,"7,66500","8,43500","5,76000"
7861,"AMARO SIBILLA LT. 1",80114635,10,AMARO,010,"AMARI E LIQUORI","23,000",2,"21,000",2021,"20,60500","22,67500","15,48800"
8708,"GRAPPA CABERNET BROTTO CL.500",803156,5,GRAPPA,032,DISTILLATI,"1,000",2,"-1,000",2021,"23,47500","25,82500","15,65000"
8848,"GRAPPA RIESLING AMPOLLA 500",80462514,5,GRAPPA,032,DISTILLATI,"1,000",2,"-1,000",2021,"27,22500","29,93500","18,14000"
8915,"GRAPPA RABOSO BROTTO ML.500",80558378,5,GRAPPA,032,DISTILLATI,"6,000",2,"4,000",2021,"23,08500","25,38500","15,39000"
9428,"RUM PAMPERO ESPECIAL LT. 1  40° ///",8410005460068,8,RUM,032,DISTILLATI,"60,000",2,"58,000",2021,"15,71500","17,29500","10,47000"
9431,"RUM PAMPERO SELECTION CL. 70 ///",8028286000301,8,RUM,032,DISTILLATI,"8,000",2,"6,000",2021,"15,30500","16,84500","10,20000"
9514,"RUM HAVANA CLUB 7 Y CL.70 ///",8501110089722,8,RUM,032,DISTILLATI,"92,000",2,"90,000",2021,"20,41500","22,46500","15,34700"
9557,"RUM PAMPERO BLANCO LT. 1 ///",8028286000226,8,RUM,032,DISTILLATI,"57,000",2,"55,000",2021,"12,47500","13,72500","8,31000"
7241,"MISTRA' BELLINI  LT. 2",8007525117000,13,LIQUORI,010,"AMARI E LIQUORI","8,000",2,"6,000",2021,"14,96500","16,46500","11,25000"
7860,"MISTRA' VARNELLI  LT. 1  XXXXX ///",80114628,13,LIQUORI,010,"AMARI E LIQUORI","334,000",2,"332,000",2021,"15,24500","16,16500","13,60300"
8894,"GRAPPA MERLOT BROTTO ML.500",80514060,5,GRAPPA,032,DISTILLATI,"1,000",2,"-1,000",2021,"27,72500","30,50500","18,48000"
